gender,exhaust_volume,motorcycle_style,passenger_on_backseat,helmet,height,weight,age,purchase_price,monthly_mileage,traffic_ticket_count,speeding_habbit,has_license,has_modifications,is_noisy_engine,is_mountain_ride,has_regular_maintenance,commute_with_motorcycle,class
man,125,DRG,seldom,2,188.039,53.79,21.852,63,252,1,1,1,0,1,1,0,0,low_risk
woman,125,cygnus,always,2,154.927,41.418,24.384,95,934,4,11,1,1,0,1,1,1,low_risk
woman,150,Swish,never,2,156.124,35.343,34.913,76,238,3,27,1,0,0,0,0,1,low_risk
man,125,Swish,seldom,2,183.979,62.972,26.18,106,540,5,27,1,0,0,0,0,1,low_risk
woman,125,JET,sometimes,2,165.534,47.885,27.217,79,880,5,4,0,0,0,0,1,1,low_risk
woman,125,Cuxi,seldom,2,161.827,51.322,32.789,67,542,6,21,0,0,0,0,1,1,low_risk
man,125,Fiddle,seldom,2,153.312,69.734,29.209,69,897,0,8,1,0,1,0,0,1,medium_risk
man,125,GP,sometimes,2,178.337,86.954,19.059,79,86,1,2,1,0,0,0,0,1,low_risk
man,125,BWS,usually,2,178.352,70.749,41.552,65,588,3,1,1,0,0,1,0,1,low_risk
woman,125,axis Z,seldom,2,156.751,59.157,22.234,122,50,0,11,1,0,1,1,1,1,low_risk
woman,125,Swish,sometimes,3,172.841,70.412,24.789,75,654,5,2,0,0,0,0,0,1,low_risk
woman,125,Cuxi,sometimes,2,168.077,57.54,21.439,49,282,7,13,1,0,0,1,0,1,low_risk
man,100,Many,seldom,2,179.865,75.157,28.773,64,911,7,8,1,1,0,0,1,1,low_risk
woman,150,Fiddle,never,2,164.244,73.101,26.502,52,596,2,18,1,0,0,1,0,1,low_risk
woman,100,Fiddle,usually,2,175.451,55.997,41.679,70,37,6,18,1,1,0,0,1,0,low_risk
man,150,Swish,never,3,171.42,67.932,20.257,103,79,4,0,0,1,0,0,1,1,low_risk
man,50,famous,seldom,3,169.007,55.934,35.941,65,253,10,7,1,0,1,1,1,1,low_risk
woman,150,POG,always,3,159.595,53.794,39.72,106,310,7,1,1,0,0,0,1,1,low_risk
man,125,Cuxi,never,2,174.876,107.367,30.686,74,70,9,8,1,0,0,0,0,1,low_risk
man,125,Limi,seldom,3,171.047,51.414,33.975,57,140,7,2,1,0,0,1,1,1,low_risk
man,150,JET,seldom,2,164.627,72.819,46.317,96,640,3,27,1,0,1,1,1,1,low_risk
man,125,cygnus,seldom,3,168.533,73.223,21.058,64,758,2,22,1,0,0,0,1,1,low_risk
woman,125,cygnus,seldom,2,138.528,56.914,25.027,129,525,9,13,1,0,0,0,1,1,low_risk
woman,125,cygnus,always,2,154.786,38.454,24.121,123,152,9,9,1,1,0,0,1,1,low_risk
man,125,Cuxi,usually,3,168.62,85.205,44.515,125,472,7,19,1,0,0,0,0,1,low_risk
woman,125,Limi,seldom,2,153.594,42.23,29.693,121,624,7,1,1,1,0,1,1,1,low_risk
man,100,duke,seldom,2,166.918,72.299,40.221,50,727,1,22,1,0,0,1,1,1,medium_risk
woman,125,DRG,sometimes,2,169.067,40.509,37.004,122,910,1,17,1,0,0,0,0,0,low_risk
woman,125,Cuxi,seldom,2,161.402,40.759,33.668,89,194,3,13,1,0,0,0,0,1,low_risk
man,125,famous,seldom,2,177.053,68.839,20.605,97,342,3,5,0,0,0,1,1,1,low_risk
woman,125,cygnus,sometimes,2,164.292,48.856,24.102,105,785,8,16,0,0,0,0,0,0,low_risk
man,125,FORCE,sometimes,2,162.291,61.138,24.769,60,525,3,15,1,0,0,0,1,1,low_risk
man,125,JET,always,2,169.106,60.378,22.011,107,257,0,10,1,0,0,0,0,1,low_risk
woman,125,Many,seldom,2,154.047,46.736,50.649,57,681,7,17,1,0,0,1,0,1,low_risk
man,150,Many,seldom,3,172.273,60.956,30.157,118,916,0,10,0,1,0,0,0,1,low_risk
man,125,axis Z,seldom,2,179.805,62.671,38.957,69,727,6,16,1,0,1,0,0,1,low_risk
woman,125,Many,seldom,3,155.235,45.844,19.719,58,295,2,7,1,0,0,1,0,1,low_risk
woman,125,GP,always,2,152.035,43.183,36.347,114,751,9,16,1,1,1,0,1,1,low_risk
woman,150,DRG,seldom,3,161.899,22.419,24.707,101,593,0,14,1,0,0,0,0,0,low_risk
woman,150,DRG,usually,2,150.162,46.413,42.998,48,376,5,29,1,0,0,1,1,1,low_risk
man,125,BWS,seldom,1,160.631,61.631,44.474,58,32,1,21,1,0,1,0,0,1,low_risk
woman,125,Fiddle,seldom,2,147.767,49.86,40.128,42,91,4,3,1,0,0,0,1,1,low_risk
man,125,axis Z,usually,2,180.275,68.443,43.65,98,39,9,0,1,0,0,0,1,0,low_risk
man,125,cygnus,seldom,3,175.43,73.716,19.025,124,768,3,12,1,0,0,1,0,0,low_risk
man,125,axis Z,seldom,2,164.038,56.682,48.664,65,927,3,6,1,1,1,0,0,1,low_risk
man,125,cygnus,seldom,3,190.626,72.869,45.403,46,991,8,15,1,0,0,0,1,0,low_risk
woman,125,DRG,sometimes,2,158.541,55.477,30.684,75,150,5,7,1,0,0,1,1,1,low_risk
man,125,FORCE,never,2,167.728,77.248,21.266,45,990,6,8,1,0,0,0,0,0,low_risk
woman,150,Swish,usually,2,160.821,60.984,42.453,109,340,4,4,1,0,0,0,0,0,low_risk
woman,125,axis Z,seldom,3,165.742,41.718,28.512,79,852,0,8,1,0,0,0,0,1,low_risk
man,125,BWS,never,3,170.616,77.329,25.129,42,566,7,26,1,0,0,0,0,1,low_risk
man,125,axis Z,always,2,177.785,77.467,27.108,84,582,4,9,0,0,0,1,0,1,low_risk
woman,125,Cuxi,seldom,2,151.089,55.651,27.138,100,624,1,10,1,0,0,0,1,0,low_risk
woman,125,Swish,seldom,2,173.781,35.047,37.873,44,489,7,17,1,1,0,0,1,1,low_risk
woman,150,famous,never,3,148.789,60.453,37.868,60,198,8,0,1,1,1,0,0,1,low_risk
man,125,Cuxi,seldom,2,169.156,84.469,24.884,63,324,0,18,1,0,0,0,0,1,low_risk
man,125,GP,seldom,2,173.171,66.361,25.731,43,862,9,17,1,0,0,0,1,0,low_risk
man,100,Cuxi,seldom,2,162.346,75.288,19.998,118,549,4,1,0,0,0,0,0,1,low_risk
woman,125,Limi,seldom,1,155.444,34.806,44.844,109,500,8,12,1,0,0,1,0,1,low_risk
woman,125,BWS,seldom,2,150.437,52.793,40.257,46,286,7,8,1,0,0,0,1,1,low_risk
woman,125,BWS,sometimes,3,143.399,67.55,18.248,117,714,9,9,1,0,0,0,1,1,low_risk
woman,125,DRG,never,3,153.828,60.302,58.752,96,199,0,27,1,0,0,0,1,1,low_risk
man,150,JET,never,2,168.858,74.721,34.735,96,592,8,16,1,0,0,0,1,1,low_risk
man,125,cygnus,usually,1,175.779,54.597,26.994,41,933,8,24,0,1,0,1,0,0,low_risk
woman,125,JET,usually,2,165.848,53.433,20.527,49,503,7,16,1,0,0,0,0,1,low_risk
woman,125,axis Z,seldom,3,153.605,59.783,30.306,100,567,3,21,1,0,0,0,0,1,low_risk
man,125,DRG,never,2,165.982,77.139,28.151,60,708,5,25,1,1,0,0,0,1,low_risk
man,100,JET,sometimes,2,176.281,64.079,21.9,68,25,10,14,1,0,1,1,0,1,low_risk
man,50,famous,always,2,175.601,83.05,24.807,130,801,5,10,1,0,0,0,1,0,low_risk
woman,50,Fiddle,never,2,169.457,36.619,33.698,53,295,9,25,1,0,1,1,1,1,low_risk
man,125,JET,sometimes,2,171.477,56.694,34.916,74,226,8,24,1,0,0,0,0,1,low_risk
woman,125,duke,sometimes,2,164.049,58.196,42.888,126,327,6,13,1,0,0,1,0,0,low_risk
man,125,GP,sometimes,3,176.386,54.194,30.351,65,802,0,16,1,1,1,1,1,0,low_risk
man,125,Many,always,3,182.696,78.329,19.939,71,654,8,17,1,1,0,0,1,1,low_risk
woman,125,famous,always,3,142.774,40.318,33.951,51,540,5,0,1,0,0,0,0,1,low_risk
man,125,GP,sometimes,3,161.424,59.018,25.666,80,131,5,26,1,0,0,0,1,1,low_risk
woman,100,BWS,never,2,155.541,52.319,21.272,58,968,0,10,1,0,1,0,1,1,medium_risk
man,125,Fiddle,sometimes,2,160.093,72.019,36.105,121,851,10,6,1,0,1,1,1,1,low_risk
man,125,Limi,never,2,171.027,65.567,32.578,79,711,8,23,1,0,0,0,1,1,low_risk
woman,125,Fiddle,seldom,1,171.071,38.234,21.232,97,315,4,8,1,1,0,0,1,1,low_risk
man,125,Fiddle,sometimes,2,173.279,71.395,22.722,77,485,1,17,0,1,0,0,0,1,low_risk
man,125,JET,sometimes,2,161.565,68.272,28.887,83,846,0,5,1,0,0,0,0,0,low_risk
man,150,POG,sometimes,2,169.411,82.767,24.944,79,609,5,15,1,0,0,1,1,1,low_risk
man,150,cygnus,seldom,2,180.875,71.63,45.259,65,963,3,2,1,0,0,0,1,1,low_risk
man,50,Many,seldom,2,155.421,54.692,50.144,101,239,6,11,1,0,0,0,1,1,low_risk
man,150,BWS,always,2,165.274,80.667,19.351,78,828,8,13,1,0,0,0,1,1,low_risk
man,150,Limi,sometimes,2,177.329,58.122,28.978,120,47,3,6,1,1,0,1,0,1,low_risk
woman,125,duke,seldom,1,155.186,38.233,52.426,62,342,4,2,0,1,1,0,1,1,high_risk
man,125,Cuxi,sometimes,2,168.153,64.759,25.673,130,42,3,25,1,0,0,0,1,1,low_risk
man,150,Fiddle,sometimes,3,170.896,70.397,25.892,102,877,7,26,1,0,0,1,1,1,low_risk
man,125,POG,sometimes,3,164.811,71.667,27.941,111,432,1,15,1,1,0,0,0,1,low_risk
woman,125,famous,seldom,2,157.686,64.755,18.508,61,276,8,8,1,0,1,1,1,1,low_risk
man,125,POG,seldom,3,168.541,63.004,43.189,53,472,7,20,1,1,0,0,1,1,low_risk
man,125,POG,always,2,171.588,61.099,28.988,66,25,0,19,1,0,0,1,0,1,low_risk
woman,125,Many,sometimes,2,171.833,43.951,40.863,42,674,7,23,1,0,0,0,0,1,low_risk
man,150,FORCE,never,2,174.809,71.417,30.618,81,115,4,24,1,1,1,0,0,1,low_risk
man,100,axis Z,always,2,163.622,70.052,66.373,95,17,7,26,1,0,0,1,1,1,low_risk
man,125,duke,always,2,171.131,80.283,50.23,126,356,9,29,1,1,0,0,0,1,low_risk
man,150,Cuxi,always,3,169.717,78.016,27.951,76,653,10,10,1,1,1,0,0,0,low_risk
man,150,Many,seldom,2,168.229,82.089,19.191,67,259,4,10,1,0,0,1,1,1,low_risk
woman,125,JET,sometimes,2,144.808,51.52,28.136,102,17,1,25,0,0,0,0,1,1,low_risk
man,100,POG,sometimes,3,154.724,73.491,47.025,93,258,1,26,1,1,1,1,0,0,low_risk
woman,100,famous,seldom,2,179.445,54.634,26.857,97,943,2,15,1,0,0,1,0,0,low_risk
woman,150,BWS,usually,2,148.626,38.155,61.351,56,508,1,1,1,0,1,0,0,1,low_risk
man,150,cygnus,sometimes,2,166.48,83.577,27.596,81,16,1,16,1,0,0,0,1,1,low_risk
woman,125,POG,usually,3,171.922,52.632,21.095,93,670,4,28,1,0,0,0,0,0,low_risk
man,125,JET,sometimes,2,187.947,78.229,22.533,120,209,9,29,1,0,0,0,1,0,low_risk
man,125,Fiddle,never,3,176.215,86.153,27.876,75,151,1,6,1,0,0,1,0,1,low_risk
woman,125,BWS,seldom,2,156.831,54.718,35.189,130,444,3,15,1,1,0,0,1,1,low_risk
man,150,GP,sometimes,2,158.187,67.642,29.4,73,663,2,24,0,0,0,1,0,1,low_risk
woman,125,DRG,never,3,164.326,32.878,28.288,88,714,2,21,1,0,0,0,1,1,low_risk
man,125,Swish,seldom,2,175.572,68.614,18.01,90,514,8,7,1,0,0,0,0,1,low_risk
man,125,FORCE,seldom,2,177.142,71.401,29.329,124,360,5,23,1,1,0,0,1,1,low_risk
man,125,Many,seldom,2,173.748,66.483,38.041,128,449,5,22,1,0,0,1,0,1,low_risk
man,125,cygnus,sometimes,2,167.667,69.719,61.86,60,675,1,4,1,1,0,1,1,1,medium_risk
woman,50,Limi,seldom,2,157.946,50.63,38.002,94,93,2,26,1,1,0,0,1,1,low_risk
woman,100,duke,sometimes,3,147.543,64.548,39.909,80,94,6,11,1,0,0,1,0,0,low_risk
man,100,cygnus,seldom,2,176.195,80.536,20.563,63,690,8,15,1,0,0,1,1,0,low_risk
woman,50,Many,sometimes,2,165.383,51.12,46.364,110,969,10,24,1,0,1,0,1,1,low_risk
woman,100,Many,seldom,2,163.333,58.916,24.102,67,550,7,1,1,0,0,0,0,1,low_risk
man,125,Many,never,2,178.156,62.833,32.757,44,870,3,28,0,0,0,0,1,1,low_risk
man,150,DRG,seldom,2,173.585,64.222,38.298,126,614,8,13,1,0,1,0,0,1,low_risk
woman,125,JET,sometimes,2,159.354,38.913,35.311,83,117,2,7,1,1,0,1,1,0,low_risk
man,125,BWS,sometimes,2,187.237,76.384,19.057,117,562,6,29,1,1,1,0,1,1,low_risk
man,125,JET,sometimes,2,172.962,78.141,29.389,114,768,9,8,1,0,0,0,0,1,low_risk
man,125,famous,seldom,3,181.363,73.763,27.247,45,282,4,25,1,0,0,0,0,0,low_risk
woman,125,Many,seldom,2,167.382,46.285,30.953,60,943,7,13,1,0,1,0,1,1,low_risk
woman,50,DRG,sometimes,1,162.402,57.457,43.48,58,610,2,13,1,0,0,0,1,1,low_risk
woman,125,DRG,sometimes,3,168.299,68.18,22.066,110,718,10,10,1,0,1,0,0,1,low_risk
man,125,Limi,sometimes,2,165.252,60.911,34.452,55,962,6,8,1,0,0,0,0,0,low_risk
woman,125,Swish,seldom,2,148.093,57.388,34.676,54,653,2,23,1,0,0,0,0,1,medium_risk
man,125,GP,sometimes,2,165.597,73.651,30.833,84,796,9,3,1,0,0,1,1,1,low_risk
man,150,Fiddle,seldom,2,166.074,58.157,36.876,43,950,0,0,1,0,1,0,0,0,low_risk
man,50,Limi,sometimes,2,171.757,87.79,44.658,49,855,3,5,1,0,1,0,1,1,low_risk
woman,125,POG,usually,2,163.893,45.697,20.042,116,614,8,0,1,0,1,1,0,0,low_risk
man,50,BWS,sometimes,2,175.883,66.308,51.897,89,456,2,9,1,1,0,0,0,1,low_risk
woman,125,JET,seldom,2,162.236,44.054,20.873,43,550,10,17,1,0,0,0,0,0,low_risk
man,125,JET,sometimes,2,179.627,70.862,24.848,129,41,9,3,1,1,0,0,1,1,low_risk
woman,50,Many,usually,2,157.174,45.573,24.169,44,331,6,1,0,1,0,0,0,1,low_risk
man,100,Many,usually,2,182.287,85.144,25.454,69,368,7,25,1,1,0,1,1,0,low_risk
man,50,Many,seldom,3,185.229,47.777,28.828,118,233,9,28,1,0,0,0,0,1,low_risk
man,125,axis Z,seldom,1,176.139,73.854,35.607,86,499,10,15,1,0,0,1,0,1,low_risk
man,125,Many,usually,3,173.179,79.137,38.355,72,494,8,19,1,0,1,0,0,1,low_risk
woman,125,POG,usually,2,146.115,36.974,21.922,101,135,1,17,1,1,0,1,0,1,low_risk
man,125,Swish,sometimes,2,167.403,66.579,20.884,52,626,4,5,1,1,0,0,1,1,low_risk
woman,50,axis Z,seldom,1,147.493,32.911,23.088,62,846,1,22,1,1,0,1,0,1,low_risk
woman,125,FORCE,seldom,2,151.417,59.51,20.956,80,4,6,26,0,0,1,0,1,0,low_risk
man,50,cygnus,seldom,2,165.223,64.73,31.62,40,163,0,7,1,0,1,1,0,1,low_risk
man,125,DRG,usually,2,176.848,74.226,43.616,59,245,8,25,1,1,1,1,0,1,low_risk
woman,125,POG,sometimes,2,156.719,49.094,32.057,78,704,9,26,1,0,0,0,1,1,low_risk
man,125,FORCE,seldom,3,179.916,69.678,32.608,64,950,9,9,1,0,1,0,1,1,low_risk
man,125,Cuxi,always,3,153.487,60.472,28.135,106,333,9,14,1,0,0,0,0,1,low_risk
man,150,DRG,seldom,3,171.753,62.314,31.941,118,1000,3,29,1,1,0,0,1,1,low_risk
woman,125,BWS,always,3,155.8,40.768,37.114,102,924,8,2,1,1,0,0,1,1,low_risk
man,125,duke,sometimes,2,173.954,62.062,49.166,93,26,5,4,1,1,0,0,1,1,low_risk
woman,125,Swish,never,2,159.645,30.367,29.91,78,666,1,10,1,0,0,0,1,0,low_risk
man,125,POG,always,3,178.043,71.672,22.715,78,137,6,25,1,1,1,1,1,0,low_risk
man,125,Swish,always,3,188.197,79.533,21.799,54,453,8,27,1,0,0,0,1,0,low_risk
woman,125,Cuxi,seldom,2,154.939,52.179,28.592,116,893,6,27,1,0,0,1,1,1,low_risk
woman,100,DRG,usually,2,174.955,65.305,33.013,61,989,10,4,1,0,1,0,0,0,low_risk
woman,125,BWS,usually,3,156.038,54.687,34.237,80,990,10,22,1,1,0,1,0,1,low_risk
woman,125,JET,sometimes,3,163.129,45.412,22.341,59,286,7,19,1,1,0,1,0,1,low_risk
woman,125,Limi,usually,2,165.724,35.776,36.266,91,370,8,9,1,0,1,0,1,1,low_risk
woman,125,POG,never,2,156.835,65.29,34.449,126,359,8,9,1,0,0,0,0,0,low_risk
woman,125,JET,seldom,3,144.316,58.504,28.693,129,710,5,8,1,0,0,1,0,1,low_risk
woman,100,axis Z,sometimes,2,144.13,54.783,21.839,69,145,6,19,1,0,0,0,1,1,low_risk
man,100,Swish,sometimes,2,183.736,56.261,24.472,48,837,5,18,1,0,0,0,1,0,low_risk
man,125,famous,usually,2,168.018,74.051,43.698,103,34,8,19,1,1,1,1,0,1,low_risk
man,125,BWS,usually,2,170.757,81.98,20.645,82,820,0,7,1,0,0,0,0,0,low_risk
woman,125,POG,sometimes,2,165.844,39.33,19.802,94,125,8,10,1,0,0,0,1,1,low_risk
man,125,famous,seldom,1,159.235,86.961,29.792,88,310,4,22,1,0,0,1,0,1,low_risk
woman,50,axis Z,seldom,3,151.458,78.898,39.675,80,140,0,4,1,1,1,1,1,1,low_risk
woman,125,JET,seldom,2,164.252,57.407,27.35,67,822,10,29,1,1,0,0,0,1,low_risk
man,125,DRG,sometimes,3,174.474,74.822,22.273,93,757,5,27,0,1,0,0,0,1,low_risk
man,150,duke,usually,3,170.9,71.501,21.292,82,139,1,12,1,0,0,0,0,0,low_risk
woman,125,BWS,seldom,2,160.002,44.417,40.825,70,62,0,5,0,0,0,1,1,0,low_risk
man,125,Limi,seldom,3,174.805,70.102,19.074,104,743,2,3,1,1,1,1,1,1,low_risk
man,50,POG,never,3,171.392,83.68,45.639,113,455,0,12,1,0,0,0,1,1,low_risk
man,150,Many,seldom,2,166.602,68.469,23.653,86,367,5,1,0,1,0,0,1,1,low_risk
woman,150,DRG,never,2,155.917,57.576,25.971,71,727,9,24,1,0,0,0,0,0,low_risk
woman,125,DRG,always,3,158.872,40.483,21.924,52,17,7,17,1,0,0,0,0,1,low_risk
man,125,famous,seldom,2,165.72,78.685,39.697,119,205,1,24,1,0,0,0,0,1,low_risk
woman,125,Cuxi,sometimes,2,162.27,54.608,49.358,128,130,8,7,1,0,0,1,1,1,low_risk
woman,125,famous,seldom,2,148.512,68.527,28.697,124,301,0,14,1,0,1,1,1,1,low_risk
woman,50,GP,seldom,2,146.134,35.452,20.041,104,554,9,13,1,0,0,0,0,0,low_risk
woman,50,DRG,usually,1,153.565,46.223,19.236,78,172,2,8,1,0,0,1,0,1,low_risk
woman,125,Limi,seldom,3,145.199,54.285,23.402,82,791,9,21,1,0,0,1,1,1,low_risk
man,150,axis Z,seldom,3,179.017,74.272,41.247,68,802,1,28,1,0,0,0,1,1,low_risk
man,125,famous,seldom,2,166.678,73.685,18.157,90,363,3,13,1,0,0,0,0,1,low_risk
man,125,Fiddle,seldom,2,173.847,85.714,29.806,50,812,9,7,0,0,0,0,1,1,low_risk
man,125,Fiddle,seldom,3,167.051,57.201,40.72,50,445,4,7,1,0,0,1,0,1,low_risk
man,125,BWS,usually,2,185.666,75.746,37.451,75,243,4,19,1,1,0,1,1,1,low_risk
woman,125,FORCE,seldom,2,148.562,56.039,26.541,101,610,7,23,1,0,1,1,0,1,low_risk
man,150,cygnus,sometimes,3,175.623,59.193,30.167,106,415,2,15,1,0,1,0,1,0,low_risk
man,125,FORCE,sometimes,2,159.744,64.898,29.039,66,774,6,25,1,1,0,0,0,1,low_risk
woman,125,DRG,seldom,3,155.659,48.094,29.895,116,661,8,29,1,0,0,0,1,1,low_risk
man,125,Limi,sometimes,2,171.203,71.135,21.544,126,959,7,4,1,0,0,0,0,1,low_risk
woman,125,Many,sometimes,3,166.472,64.473,35.677,43,192,3,19,1,1,0,0,0,1,low_risk
man,150,BWS,usually,3,177.56,57.729,46.841,76,826,9,12,0,0,1,1,1,0,low_risk
man,150,GP,seldom,2,171.789,63.231,36.747,83,597,7,12,0,0,0,0,1,1,low_risk
man,125,FORCE,never,3,176.661,67.635,26.864,91,192,9,7,1,0,0,0,1,1,low_risk
man,125,Swish,seldom,2,176.274,62.3,50.332,108,876,8,25,1,0,0,0,0,1,low_risk
man,50,Cuxi,sometimes,2,168.262,76.179,46.986,120,772,9,24,1,0,0,0,1,1,low_risk
man,150,GP,sometimes,3,166.814,64.24,25.684,111,131,2,5,0,0,0,1,0,1,low_risk
man,125,Many,seldom,1,171.474,67.494,26.039,104,798,10,4,0,0,0,0,0,1,low_risk
woman,125,BWS,seldom,2,152.324,47.745,23.704,111,968,8,26,1,0,0,1,1,1,low_risk
man,125,axis Z,seldom,2,162.843,96.683,19.991,73,578,5,19,1,1,0,0,0,0,low_risk
man,150,DRG,seldom,2,176.747,76.7,53.378,115,475,6,20,1,0,0,1,1,1,low_risk
man,125,famous,seldom,2,170.979,68.242,24.086,125,888,9,17,0,0,0,1,1,1,low_risk
man,125,Swish,sometimes,2,169.626,70.389,34.073,118,864,10,26,1,1,0,0,0,1,low_risk
woman,100,FORCE,seldom,2,169.91,48.108,29.849,119,894,2,18,1,1,0,1,1,0,low_risk
woman,125,Cuxi,never,3,159.611,44.112,46.834,74,622,0,29,1,0,0,1,0,1,low_risk
woman,125,duke,always,3,167.159,44.143,28.728,79,39,4,23,1,0,0,0,0,1,low_risk
man,100,FORCE,seldom,3,172.784,60.929,19.53,58,666,8,0,1,0,0,0,1,1,low_risk
woman,125,DRG,sometimes,2,164.213,49.73,27.982,57,688,3,14,1,0,0,0,0,0,low_risk
woman,125,duke,sometimes,3,148.808,53.894,35.712,60,620,4,27,1,1,0,0,0,1,low_risk
man,125,BWS,always,2,171.397,71.168,22.503,117,620,7,13,1,1,1,0,1,0,low_risk
woman,150,cygnus,seldom,3,163.59,53.995,40.911,101,379,1,11,1,0,1,1,1,1,low_risk
man,125,GP,seldom,3,162.121,65.446,28.697,75,96,6,22,1,0,0,0,0,1,low_risk
woman,150,BWS,seldom,2,156.235,54.258,23.199,54,583,6,23,1,0,1,0,1,1,low_risk
man,50,Swish,seldom,2,157.754,85.281,21.559,78,117,3,1,1,0,0,0,0,0,low_risk
man,125,famous,seldom,3,189.757,58.764,53.729,116,246,5,13,1,0,1,0,0,1,low_risk
man,125,FORCE,seldom,2,184.909,65.022,19.107,122,44,9,18,1,0,0,0,1,1,low_risk
woman,150,cygnus,seldom,2,161.975,47.971,22.236,108,598,10,24,1,0,0,0,0,1,low_risk
man,125,POG,always,2,181.215,75.886,27.831,127,960,0,6,1,0,0,0,0,1,medium_risk
woman,125,axis Z,sometimes,2,159.867,57.96,40.429,127,620,4,17,1,1,0,0,0,1,low_risk
woman,125,DRG,seldom,1,157.874,59.791,23.729,48,813,4,8,1,0,0,0,1,1,low_risk
woman,125,GP,seldom,2,152.197,37.728,38.631,88,623,1,1,1,0,0,0,1,1,medium_risk
man,100,DRG,never,2,164.167,58.014,20.708,48,330,8,20,1,0,0,0,1,1,low_risk
woman,125,famous,seldom,3,157.914,43.987,45.77,119,548,5,24,1,0,1,0,1,0,low_risk
woman,150,famous,always,2,159.251,63.667,30.357,66,205,5,17,1,0,0,1,1,1,low_risk
woman,100,axis Z,usually,2,163.783,45.502,20.769,70,745,1,5,1,0,1,0,0,1,medium_risk
woman,100,POG,sometimes,3,150.925,81.267,61.805,100,422,10,29,1,0,0,0,0,1,low_risk
woman,150,cygnus,sometimes,2,158.793,57.508,24.105,88,751,9,16,1,0,0,1,0,1,low_risk
man,125,axis Z,seldom,3,168.031,66.309,33.423,130,846,10,28,1,0,0,0,0,1,low_risk
woman,150,Many,seldom,3,164.313,57.2,33.536,127,627,0,8,1,0,0,0,0,1,low_risk
man,125,JET,sometimes,2,176.509,91.509,33.725,75,149,4,6,0,1,0,1,1,1,low_risk
man,100,BWS,seldom,2,177.887,73.405,26.499,101,863,10,2,1,0,1,0,1,1,low_risk
woman,125,BWS,seldom,2,161.77,61.434,22.191,107,360,5,2,1,0,0,0,1,1,low_risk
man,150,famous,seldom,3,179.746,83.667,46.808,89,627,8,25,1,0,0,1,0,1,low_risk
woman,50,duke,seldom,2,156.298,52.174,38.842,117,963,2,20,1,1,0,1,1,0,low_risk
man,50,Cuxi,usually,2,153.055,72.392,20.191,54,858,7,5,0,1,0,0,1,1,low_risk
man,125,Fiddle,seldom,2,175.824,68.738,26.001,97,316,6,19,1,1,0,0,0,1,low_risk
man,100,Many,sometimes,2,166.677,55.447,35.256,104,570,9,14,0,0,0,0,0,1,low_risk
man,125,Many,usually,2,159.619,54.42,30.509,46,150,4,28,1,0,0,0,0,1,low_risk
man,125,BWS,never,2,181.091,68.997,22.975,59,270,8,29,1,0,0,0,0,1,low_risk
man,125,POG,seldom,2,165.229,69.345,32.777,107,84,6,6,1,0,0,0,1,1,low_risk
man,125,famous,usually,2,163.179,82.519,51.757,87,625,5,9,1,0,0,0,0,1,low_risk
man,50,GP,never,3,177.818,81.55,24.818,125,216,3,5,1,1,0,0,0,1,low_risk
woman,150,famous,seldom,3,158.476,69.053,51.543,97,451,4,28,1,1,0,1,1,1,low_risk
man,125,JET,sometimes,1,154.805,58.277,18.823,63,623,2,9,1,0,0,1,1,1,low_risk
woman,125,Fiddle,sometimes,1,158.785,35.125,18.421,119,329,4,21,1,1,0,0,1,1,high_risk
woman,50,famous,seldom,2,154.571,51.026,30.609,127,795,8,23,1,0,0,1,0,1,low_risk
woman,125,BWS,seldom,1,162.819,52.071,40.836,96,826,8,27,1,1,0,1,1,1,high_risk
woman,125,BWS,seldom,2,161.37,46.877,52.147,41,190,7,1,1,0,1,1,0,1,low_risk
man,50,Fiddle,usually,2,171.348,77.751,39.016,129,225,0,5,1,0,0,1,1,1,low_risk
woman,125,famous,always,2,146.762,30.09,28.835,83,85,9,4,1,1,0,0,1,0,low_risk
woman,125,Fiddle,sometimes,2,157.945,48.739,36.959,51,12,0,22,1,1,0,0,1,1,low_risk
woman,150,JET,sometimes,3,162.003,43.866,29.198,70,649,7,1,1,0,0,0,1,1,low_risk
man,125,Cuxi,seldom,2,165.771,57.829,54.066,65,881,5,11,1,1,0,0,1,1,low_risk
man,150,FORCE,usually,3,175.434,73.152,36.426,99,228,0,27,0,0,0,1,0,1,low_risk
woman,150,JET,sometimes,2,150.698,52.723,30.057,43,251,1,3,1,1,0,0,0,1,low_risk
man,50,duke,sometimes,2,177.434,56.342,27.27,115,28,10,10,1,0,0,0,0,0,low_risk
man,100,Cuxi,seldom,2,155.625,61.8,40.301,104,144,1,25,1,0,0,0,1,0,low_risk
man,150,GP,usually,2,165.524,68.308,26.133,91,836,3,16,1,1,0,0,0,1,low_risk
woman,125,famous,always,2,156.364,38.423,44.271,63,607,5,12,1,0,0,0,1,1,low_risk
woman,125,Cuxi,seldom,2,186.547,45.87,33.842,130,935,10,3,1,0,0,1,1,1,low_risk
man,50,Fiddle,never,3,169.18,72.621,49.081,102,901,4,17,1,0,0,0,1,0,low_risk
man,125,Fiddle,seldom,2,166.855,74.595,28.653,64,961,3,28,1,0,0,1,0,0,low_risk
woman,150,JET,usually,1,166.316,56.659,35.911,91,885,2,26,1,0,1,1,1,0,low_risk
man,150,Cuxi,always,2,168.683,69.717,32.072,84,543,2,4,1,0,1,1,0,0,low_risk
woman,125,cygnus,sometimes,2,150.508,51.498,43.9,98,581,10,17,1,0,0,0,0,1,low_risk
man,150,Limi,seldom,2,166.569,83.931,20.746,60,118,7,22,1,0,0,0,1,1,low_risk
man,125,Cuxi,sometimes,2,163.626,72.092,37.248,116,193,7,2,1,1,0,0,0,1,low_risk
woman,125,cygnus,usually,2,144.708,38.432,33.186,84,595,7,14,1,1,1,0,0,1,low_risk
woman,125,cygnus,sometimes,2,151.503,47.17,22.993,111,538,0,27,1,1,0,0,0,1,low_risk
woman,125,JET,usually,3,169.143,31.073,49.392,100,611,6,21,1,1,1,1,1,1,low_risk
man,150,famous,sometimes,2,177.033,67.077,32.732,68,143,6,28,1,0,0,1,1,1,low_risk
man,125,duke,seldom,2,172.63,68.683,27.955,91,343,3,10,1,0,0,0,1,1,low_risk
woman,125,Limi,sometimes,3,151.369,61.894,31.147,123,604,3,20,1,1,1,0,0,1,low_risk
woman,150,Limi,sometimes,3,159.006,39.035,42.934,47,447,8,14,1,0,0,0,0,1,low_risk
man,125,FORCE,sometimes,2,176.318,56.909,34.953,130,870,3,6,1,1,0,0,0,1,low_risk
man,150,duke,never,3,188.558,85.127,36.861,116,948,0,29,1,0,1,1,1,0,low_risk
man,125,famous,sometimes,3,191.851,70.362,33.473,55,819,0,13,1,1,0,0,0,1,low_risk
woman,125,Swish,seldom,3,161.33,54.093,28.564,77,175,4,1,1,1,0,1,1,1,low_risk
woman,125,GP,seldom,2,158.327,47.285,25.371,106,856,9,12,1,1,1,0,1,1,low_risk
man,125,axis Z,seldom,1,172.198,62.663,23.548,105,624,5,13,1,0,0,0,1,1,low_risk
man,50,FORCE,usually,3,179.547,72.753,35.307,46,327,4,0,1,1,0,0,1,0,low_risk
man,150,famous,sometimes,2,185.837,62.845,25.915,122,127,6,11,1,1,0,0,0,0,low_risk
man,125,Limi,seldom,2,165.743,69.432,49.52,94,338,7,25,1,1,0,0,1,0,low_risk
man,125,cygnus,sometimes,3,167.963,56.518,47.674,97,813,7,10,1,0,0,0,1,0,low_risk
man,100,Fiddle,seldom,2,167.574,68.814,31.237,44,184,9,22,1,0,0,0,1,1,low_risk
man,150,duke,never,2,172.73,75.298,23.054,102,280,7,1,1,0,0,0,0,1,low_risk
woman,50,Many,never,2,164.584,32.37,42.077,44,400,7,17,1,0,0,0,1,1,low_risk
man,100,Limi,sometimes,2,172.684,68.764,29.651,72,15,9,6,1,0,0,0,0,0,low_risk
man,125,DRG,sometimes,2,157.473,55.544,23.655,130,993,9,24,1,0,1,1,1,1,low_risk
woman,125,FORCE,sometimes,2,171.869,44.725,44.186,103,885,3,5,1,0,0,0,0,1,low_risk
woman,100,GP,seldom,1,162.541,55.757,35.509,126,985,7,2,1,0,0,0,0,1,low_risk
woman,125,DRG,sometimes,2,164.268,55.243,27.666,91,190,5,19,1,1,1,0,1,1,low_risk
woman,150,axis Z,seldom,2,162.179,50.609,23.073,66,895,0,11,1,1,0,0,1,1,low_risk
woman,125,Limi,never,2,153.08,55.287,36.914,47,978,9,3,1,1,0,0,1,1,low_risk
woman,100,POG,seldom,1,147.613,54.01,42.473,89,908,5,21,1,1,0,1,0,1,low_risk
man,50,BWS,seldom,2,166.152,63.011,24.161,85,2,7,6,1,1,0,0,0,1,low_risk
man,100,famous,usually,2,169.815,60.301,48.067,93,562,2,17,1,0,0,1,0,1,low_risk
woman,150,famous,always,2,155.092,57.612,32.446,84,726,2,29,1,1,1,0,0,0,low_risk
woman,125,DRG,seldom,2,145.328,50.208,51.172,129,775,2,27,1,0,0,0,1,1,medium_risk
woman,50,FORCE,seldom,3,150.569,52.29,32.793,111,702,2,6,1,0,0,0,0,0,low_risk
man,125,GP,usually,3,175.81,74.139,50.528,102,897,8,4,1,0,0,1,1,1,low_risk
woman,150,Fiddle,seldom,3,162.361,30.333,21.97,48,92,7,29,1,1,0,1,0,1,low_risk
woman,125,FORCE,sometimes,1,135.521,40.455,24.601,125,578,4,29,1,1,0,0,0,1,high_risk
woman,150,FORCE,seldom,2,155.495,47.44,27.102,122,855,6,3,1,1,0,0,1,1,low_risk
woman,125,DRG,seldom,3,155.943,33.337,42.979,44,148,1,11,1,0,0,0,1,0,low_risk
woman,100,Swish,sometimes,3,143.02,56.961,31.695,85,668,4,29,1,0,0,0,0,1,low_risk
man,150,Swish,always,2,189.911,78.532,34.832,73,826,2,14,1,1,1,0,0,0,low_risk
man,125,Cuxi,seldom,2,170.806,55.233,31.843,122,946,0,12,1,0,0,0,0,1,medium_risk
woman,125,Fiddle,always,2,163.761,55.61,38.792,110,34,6,23,1,0,0,0,0,1,low_risk
man,125,duke,sometimes,3,185.935,65.728,37.918,107,401,9,8,1,0,1,0,0,0,low_risk
man,150,JET,always,2,152.623,73.069,22.941,70,778,2,12,1,0,0,0,0,1,low_risk
woman,125,Fiddle,usually,2,162.426,54.192,34.272,45,384,2,22,1,0,1,1,0,1,low_risk
man,125,Swish,seldom,3,177.17,58.824,26.525,104,718,5,26,1,0,0,0,1,1,low_risk
woman,125,famous,sometimes,2,153.813,47.701,28.311,73,254,6,25,1,0,0,0,0,0,low_risk
woman,150,duke,never,2,148.421,50.106,22.688,106,798,10,15,1,0,0,0,1,0,low_risk
woman,100,Many,seldom,3,156.06,59.902,38.394,51,724,10,20,1,0,1,0,1,1,low_risk
man,125,BWS,sometimes,3,173.239,70.44,31.351,118,621,2,20,1,0,0,1,1,0,low_risk
man,125,axis Z,seldom,2,163.207,69.774,23.658,74,802,2,29,1,1,0,1,0,1,medium_risk
man,150,Fiddle,seldom,3,168.457,86.557,19.557,95,986,6,3,1,0,1,0,0,0,low_risk
woman,50,Cuxi,usually,3,160.284,65.429,36.835,122,855,3,15,1,1,0,0,1,0,low_risk
man,125,cygnus,seldom,2,181.652,62.128,25.059,98,296,0,28,0,0,0,1,0,1,low_risk
man,125,FORCE,seldom,1,182.548,72.335,62.584,43,857,7,29,1,0,0,0,0,1,low_risk
woman,125,DRG,seldom,2,149.964,51.548,41.338,122,274,5,6,1,1,0,1,1,1,low_risk
woman,125,GP,sometimes,2,138.936,47.004,20.074,117,223,6,11,1,0,0,0,1,0,low_risk
woman,150,Many,sometimes,2,159.329,39.652,21.652,110,416,9,1,1,0,0,0,0,1,low_risk
woman,125,GP,seldom,1,159.577,48.428,26.007,66,112,2,0,1,0,0,1,1,1,low_risk
man,125,DRG,seldom,2,171.862,62.189,38.12,60,950,5,7,1,0,1,0,0,0,low_risk
man,125,DRG,seldom,2,158.589,70.032,54.2,106,39,7,1,1,1,0,1,1,0,low_risk
man,150,GP,sometimes,1,177.446,76.199,29.373,60,290,9,17,1,0,0,1,0,1,low_risk
woman,150,Fiddle,sometimes,3,171.81,46.352,31.61,51,950,7,10,1,0,0,1,1,1,low_risk
woman,125,POG,usually,2,153.628,57.749,56.833,90,670,5,8,1,0,1,1,1,0,low_risk
man,125,duke,always,3,172.392,73.853,33.823,56,958,2,0,1,0,0,0,0,1,low_risk
man,50,Many,seldom,3,166.362,85.656,55.268,73,590,7,2,1,0,0,0,0,1,low_risk
man,125,axis Z,sometimes,3,164.649,61.479,57.527,103,706,10,16,1,0,0,0,1,1,low_risk
woman,150,DRG,seldom,2,171.928,48.401,23.069,77,361,2,13,1,0,0,0,0,1,low_risk
woman,125,Cuxi,sometimes,2,150.147,71.377,20.645,129,962,9,17,1,1,1,0,1,1,low_risk
man,150,JET,always,2,168.801,79.149,48.621,97,323,0,8,1,0,0,0,1,1,low_risk
woman,150,DRG,usually,3,168.687,45.049,46.241,61,254,6,13,1,0,0,1,1,0,low_risk
woman,150,axis Z,seldom,3,174.134,49.762,27.598,76,56,6,20,1,1,0,0,0,1,low_risk
man,50,Cuxi,seldom,3,171.014,74.12,18.414,103,158,3,1,1,0,0,0,1,1,low_risk
woman,125,POG,sometimes,2,169.432,69.998,30.175,116,713,5,28,1,1,0,1,0,1,low_risk
man,125,DRG,seldom,3,173.484,55.754,18.826,83,585,2,9,1,0,0,0,0,1,low_risk
woman,125,Swish,seldom,2,171.852,47.642,52.282,129,90,0,17,1,1,0,0,1,1,low_risk
woman,125,FORCE,seldom,3,171.732,61.811,22.237,72,976,1,6,1,1,0,1,0,1,low_risk
man,125,cygnus,sometimes,2,167.564,66.294,23.659,97,82,9,27,1,1,0,1,1,1,low_risk
woman,150,Many,seldom,2,149.459,52.248,47.965,125,11,4,22,1,1,1,0,1,1,low_risk
woman,50,Cuxi,seldom,3,154.133,30.064,25.634,84,657,5,24,1,0,0,1,1,1,low_risk
man,100,GP,seldom,2,171.644,65.322,41.644,88,838,0,3,1,0,0,0,1,0,low_risk
woman,150,axis Z,never,2,157.346,71.44,25.268,55,12,2,3,1,0,0,0,1,0,low_risk
man,125,axis Z,seldom,3,161.461,99.824,26.361,101,482,3,15,1,0,0,0,0,1,low_risk
man,125,Cuxi,seldom,1,167.156,88.455,45.991,115,454,10,2,1,0,0,0,1,1,low_risk
man,125,BWS,seldom,2,171.867,60.913,25.689,42,340,5,6,1,1,0,0,0,1,low_risk
woman,125,Fiddle,always,2,166.9,46.424,45.705,99,972,6,20,1,0,0,1,1,1,low_risk
woman,125,cygnus,seldom,3,150.568,34.978,26.493,61,962,4,5,1,1,1,1,0,1,low_risk
man,125,axis Z,never,2,166.425,68.386,21.791,55,854,3,27,1,1,0,0,1,0,low_risk
man,125,Many,sometimes,3,180.859,78.125,46.632,45,981,4,2,0,1,0,1,0,0,low_risk
man,125,cygnus,sometimes,2,170.751,79.622,26.435,119,667,3,15,1,1,1,0,0,1,low_risk
man,125,Many,never,3,162.015,77.42,29.297,122,308,5,7,1,1,0,0,1,1,low_risk
woman,125,GP,sometimes,2,159.899,48.656,41.881,119,871,4,9,1,1,1,0,0,1,low_risk
man,125,cygnus,sometimes,2,167.48,52.018,21.573,79,293,8,2,1,1,0,0,1,0,low_risk
man,150,axis Z,seldom,3,178.91,77.489,24.331,68,331,3,20,0,0,1,0,0,1,low_risk
man,125,POG,sometimes,3,159.732,54.257,48.871,56,335,9,16,1,0,0,0,0,0,low_risk
woman,125,POG,seldom,2,165.705,71.911,24.217,92,16,10,17,1,1,0,0,0,0,low_risk
woman,125,DRG,usually,2,167.839,48.226,29.891,100,628,3,12,1,0,0,1,0,1,low_risk
man,50,GP,always,3,176.316,88.482,29.487,80,320,9,29,1,0,0,0,1,1,low_risk
woman,125,Swish,sometimes,2,160.802,59.21,31.09,111,991,10,19,1,0,0,0,0,1,low_risk
woman,125,Many,never,3,161.69,56.685,27.284,102,804,2,16,0,1,0,0,1,1,low_risk
man,125,Many,sometimes,3,169.043,64.613,36.987,111,745,8,20,1,0,0,0,1,0,low_risk
man,125,BWS,usually,2,182.88,67.216,64.243,67,140,9,19,1,0,1,0,1,1,low_risk
woman,100,famous,sometimes,2,162.102,53.969,24.114,92,366,1,29,1,1,0,0,1,1,low_risk
woman,125,JET,always,2,171.596,38.087,34.16,42,39,5,27,1,0,0,0,1,0,low_risk
man,100,FORCE,sometimes,3,169.219,74.581,47.058,59,438,9,12,1,0,0,1,0,1,low_risk
man,150,DRG,seldom,1,188.48,60.106,42.373,93,47,3,27,1,1,0,1,1,1,low_risk
woman,150,Fiddle,sometimes,2,161.379,34.992,63.086,104,992,8,16,1,1,0,0,0,1,low_risk
woman,125,axis Z,seldom,2,164.397,64.166,32.053,41,95,7,3,1,0,0,0,1,1,low_risk
man,125,Cuxi,seldom,2,189.316,58.281,36.82,118,334,8,23,1,1,1,0,0,0,low_risk
man,150,Many,seldom,3,173.665,50.958,24.159,43,103,1,2,1,0,0,0,1,1,low_risk
woman,125,DRG,seldom,3,181.953,39.958,20.886,47,889,4,13,0,0,0,0,1,1,low_risk
woman,125,POG,seldom,2,155.301,41.447,33.443,50,23,0,12,1,1,0,1,0,1,low_risk
man,125,JET,never,3,180.28,60.795,30.793,88,216,4,11,1,1,0,0,1,1,low_risk
woman,125,Swish,seldom,3,147.983,51.674,46.969,106,657,10,18,0,0,0,1,0,1,low_risk
man,100,DRG,usually,2,173.84,65.353,41.187,119,61,4,8,1,0,0,1,1,1,low_risk
man,100,famous,sometimes,2,172.29,70.724,32.691,111,532,1,28,1,1,0,1,0,0,low_risk
man,125,famous,always,3,159.467,64.974,19.436,88,224,0,8,1,0,0,0,0,1,low_risk
man,50,Cuxi,seldom,3,171.241,74.501,18.478,72,396,5,1,1,0,0,0,0,1,low_risk
man,125,Many,never,2,170.997,63.412,19.916,104,564,5,23,1,1,0,0,0,1,low_risk
man,50,POG,seldom,3,180.206,75.376,33.344,115,430,3,8,1,0,0,0,0,1,low_risk
man,150,Cuxi,seldom,3,181.521,53.583,49.146,46,286,4,25,1,0,0,1,0,1,low_risk
woman,50,Limi,sometimes,3,147.651,55.058,22.558,69,801,3,18,1,0,0,0,0,0,low_risk
woman,125,BWS,seldom,1,152.234,53.194,22.421,43,591,10,10,1,0,0,1,1,1,low_risk
woman,125,Fiddle,never,2,164.615,53.385,32.093,71,258,8,11,1,1,0,0,1,0,low_risk
woman,125,Swish,always,2,177.228,37.959,22.8,90,410,5,23,1,0,0,0,0,1,low_risk
woman,125,axis Z,usually,3,138.849,56.996,30.091,70,646,9,0,1,0,1,1,1,0,low_risk
man,150,Cuxi,usually,2,165.431,88.439,21.569,45,401,10,1,1,0,0,0,1,1,low_risk
man,50,Fiddle,sometimes,2,170.201,66.147,52.049,80,236,2,14,1,0,0,0,0,0,low_risk
man,150,Swish,usually,2,179.213,59.271,41.257,70,663,6,3,1,0,0,1,1,0,low_risk
man,125,Limi,never,3,173.799,61.256,25.768,100,299,3,18,1,0,0,1,1,1,low_risk
woman,125,BWS,never,2,162.738,49.89,26.37,119,852,5,2,1,0,0,0,1,1,low_risk
man,125,Swish,always,2,171.206,97.761,36.747,97,242,1,9,1,0,0,0,0,1,low_risk
woman,50,famous,sometimes,2,161.219,57.385,35.061,100,452,7,23,1,0,0,1,0,1,low_risk
woman,125,DRG,seldom,3,169.909,47.6,31.658,113,840,2,7,1,0,0,1,1,1,low_risk
woman,125,duke,never,3,168.99,39.813,21.081,64,986,7,21,1,0,1,1,0,1,low_risk
man,150,JET,seldom,3,169.004,80.461,24.409,103,213,10,9,1,0,0,0,0,0,low_risk
man,100,cygnus,never,2,173.633,68.512,18.583,88,222,0,0,1,1,0,1,1,1,low_risk
man,125,GP,sometimes,3,179.635,63.754,26.979,111,735,5,4,1,0,0,0,1,1,low_risk
woman,150,POG,seldom,2,152.379,42.565,28.928,126,26,6,7,1,1,1,0,1,1,low_risk
man,125,Swish,always,2,174.904,72.799,51.879,69,159,10,0,1,0,0,0,0,1,medium_risk
man,125,Swish,sometimes,2,151.08,63.416,42.429,101,19,10,11,1,0,0,0,1,1,low_risk
woman,50,Many,sometimes,2,165.604,49.169,20.719,68,522,10,29,1,0,0,0,0,1,low_risk
man,125,axis Z,sometimes,2,179.21,65.427,28.01,62,949,3,12,1,1,0,0,1,0,low_risk
woman,125,duke,always,2,165.909,46.36,30.522,109,392,6,7,1,0,0,0,0,1,low_risk
man,150,BWS,usually,1,173.855,75.231,27.592,88,670,1,10,1,0,0,1,0,1,low_risk
man,125,POG,sometimes,3,165.999,50.809,37.312,45,537,9,17,1,0,1,0,1,1,low_risk
man,125,POG,seldom,2,185.214,62.726,32.086,97,594,2,19,1,0,0,1,0,1,low_risk
man,125,Fiddle,never,3,182.574,61.961,25.829,108,771,2,27,1,0,0,0,1,1,low_risk
man,125,BWS,sometimes,2,172.54,71.972,36.494,95,17,7,15,1,0,0,0,0,1,low_risk
woman,125,BWS,never,2,148.544,37.151,30.702,92,899,0,9,1,0,1,0,0,1,medium_risk
man,125,Swish,sometimes,2,175.875,58.898,25.459,83,70,2,13,1,1,0,0,0,1,low_risk
man,125,Fiddle,sometimes,2,165.26,67.259,66.859,73,200,7,7,1,0,0,0,0,1,low_risk
woman,125,FORCE,never,2,165.074,54.593,22.271,109,866,1,3,1,0,0,1,0,1,medium_risk
man,150,Limi,usually,2,158.231,72.317,22.527,106,84,6,10,1,1,0,1,1,1,low_risk
man,125,Limi,seldom,2,163.392,79.879,19.495,74,363,2,5,1,0,0,0,0,1,low_risk
man,150,GP,usually,2,173.34,77.864,42.211,85,872,3,19,1,0,1,1,0,1,low_risk
woman,125,famous,always,1,161.968,23.069,24.956,48,315,8,26,1,1,0,1,1,1,high_risk
woman,150,axis Z,seldom,2,162.051,55.473,21.876,53,504,0,19,1,1,0,0,1,1,low_risk
man,150,famous,seldom,3,178.162,73.019,20.085,125,860,4,12,1,0,1,0,1,1,low_risk
man,125,FORCE,always,2,172.219,71.134,46.849,50,3,8,29,1,0,1,0,0,1,low_risk
woman,125,Fiddle,seldom,2,165.327,42.403,55.736,101,961,4,23,1,1,0,0,0,1,low_risk
man,50,JET,always,2,175.898,60.799,48.008,43,950,9,13,1,0,0,0,1,1,low_risk
man,125,Swish,seldom,2,183.562,77.083,19.328,59,304,3,0,1,1,0,0,1,1,low_risk
man,125,POG,seldom,3,170.902,73.898,33.527,51,654,10,27,0,0,0,0,1,1,low_risk
man,150,FORCE,seldom,3,184.204,70.308,25.496,90,800,0,14,1,0,0,0,0,1,low_risk
man,125,FORCE,sometimes,2,179.806,67.177,30.588,40,28,6,3,1,0,0,0,0,1,low_risk
man,100,GP,never,2,169.95,70.405,44.971,125,721,9,4,1,0,0,0,1,0,low_risk
man,125,Fiddle,seldom,2,158.279,82.222,39.811,120,894,9,1,0,1,0,0,1,0,low_risk
woman,125,GP,seldom,2,159.958,54.943,35.792,116,557,5,26,0,0,0,1,0,1,low_risk
man,125,axis Z,sometimes,2,161.024,58.515,33.34,50,308,9,22,1,0,0,0,1,1,low_risk
man,125,Many,seldom,2,178.702,71.849,28.443,127,119,3,7,1,0,1,1,0,1,low_risk
woman,125,axis Z,never,2,160.967,50.77,25.095,116,468,2,16,1,0,0,1,1,1,low_risk
woman,150,axis Z,seldom,1,158.332,40.403,25.223,94,289,0,21,1,0,0,0,0,1,low_risk
woman,50,JET,seldom,3,156.449,52.436,24.377,120,901,9,20,1,1,0,0,0,0,low_risk
man,125,Fiddle,sometimes,3,170.761,74.121,40.486,80,719,4,10,1,1,0,0,1,1,low_risk
woman,150,DRG,sometimes,2,154.452,58.308,46.22,65,971,4,26,1,1,0,0,0,1,low_risk
man,125,BWS,never,1,180.46,72.112,51.049,126,732,6,28,1,0,1,1,0,1,low_risk
woman,150,axis Z,sometimes,2,165.532,48.312,21.575,54,706,1,24,1,1,1,0,1,1,low_risk
woman,125,Limi,sometimes,2,157.379,57.135,18.584,121,517,10,1,1,0,0,0,0,1,low_risk
man,125,FORCE,usually,2,165.815,86.78,37.317,58,407,10,26,1,0,1,0,1,0,low_risk
man,125,FORCE,always,1,171.977,88.03,29.97,51,446,0,1,1,0,1,0,1,1,low_risk
woman,150,cygnus,sometimes,2,157.483,41.07,31.854,92,477,2,16,1,0,0,0,0,1,low_risk
woman,125,DRG,seldom,3,159.759,38.253,41.431,123,739,10,1,0,0,1,0,0,1,low_risk
man,125,Swish,never,1,167.71,76.171,21.959,125,460,0,22,1,0,0,0,1,1,low_risk
woman,125,Cuxi,seldom,2,166.77,61.463,31.337,61,404,3,23,1,0,0,0,1,1,low_risk
man,150,duke,never,2,159.05,78.749,30.736,76,523,2,20,1,0,0,0,0,1,low_risk
woman,125,Cuxi,sometimes,2,143.453,38.45,20.229,89,784,2,29,1,0,0,0,1,0,low_risk
man,125,DRG,seldom,2,162.375,63.763,34.172,65,705,10,11,1,0,0,0,1,1,low_risk
man,100,BWS,sometimes,2,178.294,73.168,26.876,122,389,1,20,1,1,0,0,0,1,low_risk
man,125,famous,seldom,3,154.935,81.129,19.012,88,887,2,1,1,1,0,0,0,1,low_risk
woman,125,axis Z,seldom,2,142.045,59.023,48.721,117,788,6,5,0,0,0,1,0,1,low_risk
woman,150,axis Z,sometimes,3,133.305,61.705,26.917,112,227,2,20,1,0,0,0,0,1,low_risk
man,150,POG,usually,2,164.491,76.149,52.713,68,950,6,9,1,1,0,1,0,1,low_risk
man,100,axis Z,sometimes,2,180.448,81.799,34.939,90,631,10,9,0,1,0,1,1,1,low_risk
man,125,axis Z,seldom,1,171.25,66.007,25.56,51,515,7,29,1,1,0,0,1,1,high_risk
woman,125,Limi,sometimes,2,157.544,54.678,23.834,71,250,2,25,0,0,0,0,0,1,low_risk
man,150,DRG,seldom,3,180.761,56.661,38.723,105,505,7,5,1,0,0,0,0,1,low_risk
man,125,cygnus,seldom,3,189.269,76.542,51.183,117,554,3,29,1,1,1,0,0,1,low_risk
woman,125,BWS,seldom,2,158.1,34.607,24.054,67,918,9,29,1,0,1,0,0,1,low_risk
woman,125,POG,sometimes,1,159.781,64.432,29.833,40,908,3,17,1,0,0,1,0,1,low_risk
man,125,duke,seldom,1,157.257,82.929,44.841,56,371,2,23,1,0,0,0,0,1,low_risk
woman,125,Fiddle,never,2,140.58,44.827,37.648,45,611,5,18,1,1,0,0,0,1,low_risk
man,125,Fiddle,sometimes,2,172.294,69.338,33.313,44,351,8,18,1,0,0,1,1,1,low_risk
woman,150,GP,sometimes,3,154.44,42.266,33.214,51,453,2,20,0,0,0,0,1,1,low_risk
woman,150,FORCE,sometimes,2,158.833,50.533,48.821,109,304,6,13,1,0,0,0,1,1,low_risk
woman,125,JET,always,3,148.732,34.355,21.372,106,569,4,4,1,1,0,0,0,1,low_risk
man,150,GP,seldom,1,189.972,66.239,26.255,71,117,6,18,1,0,0,0,0,0,low_risk
woman,150,GP,usually,3,149.953,34.784,23.98,65,795,6,17,1,1,0,1,1,1,low_risk
man,125,cygnus,seldom,3,177.043,81.13,23.715,129,806,6,6,0,0,0,0,0,0,low_risk
woman,150,Swish,seldom,3,162.896,57.213,36.685,44,34,4,20,1,1,0,0,0,1,low_risk
man,50,Many,usually,2,178.148,66.118,28.699,103,326,6,24,1,0,0,0,1,0,low_risk
man,125,BWS,sometimes,2,163.859,73.147,44.399,73,834,9,0,1,0,0,1,1,1,low_risk
man,125,famous,seldom,2,183.35,69.068,27.316,121,796,6,3,1,1,0,0,1,1,low_risk
man,125,JET,seldom,2,189.779,62.153,20.871,69,755,2,19,1,1,0,0,0,1,medium_risk
man,125,DRG,sometimes,2,171.053,80.473,43.508,72,846,6,15,1,1,0,0,1,0,low_risk
woman,125,DRG,usually,2,154.434,51.809,44.951,72,30,6,12,1,0,1,0,1,1,low_risk
woman,125,FORCE,sometimes,2,169.597,51.756,22.836,80,329,2,13,1,1,1,1,0,1,low_risk
man,50,Limi,seldom,3,158.617,78.424,46.641,70,252,9,8,1,0,0,0,0,1,low_risk
man,125,famous,always,3,164.633,73.069,32.426,68,509,2,18,1,0,1,1,1,1,low_risk
woman,125,GP,sometimes,2,162.591,54.839,25.12,50,542,2,10,1,0,0,0,1,0,low_risk
man,125,JET,sometimes,3,174.733,64.228,25.781,98,112,7,13,1,0,0,1,0,1,low_risk
woman,125,cygnus,never,3,147.141,51.745,24.773,84,910,7,0,1,0,0,1,1,0,low_risk
woman,125,Fiddle,always,2,163.252,50.198,21.21,71,278,9,11,1,0,0,0,1,1,low_risk
woman,125,Cuxi,seldom,2,167.219,59.845,25.462,67,510,6,5,1,0,0,0,0,1,low_risk
man,150,POG,sometimes,3,173.251,83.942,32.757,80,108,5,17,1,1,0,0,1,0,low_risk
woman,125,BWS,sometimes,2,149.464,57.851,44.63,58,318,5,4,1,0,0,0,0,1,low_risk
woman,125,axis Z,sometimes,2,163.941,43.626,30.014,67,252,9,4,1,0,0,0,1,0,low_risk
woman,125,Cuxi,always,1,158.695,38.944,20.591,79,379,9,3,1,0,0,0,1,1,low_risk
man,125,Limi,never,2,162.756,79.986,25.704,130,523,9,20,1,1,0,0,1,1,low_risk
woman,125,cygnus,seldom,3,161.413,54.941,48.342,74,401,10,21,1,0,1,1,0,1,low_risk
man,125,Cuxi,sometimes,2,178.597,87.496,21.53,92,449,2,28,1,0,0,0,1,1,low_risk
man,100,Swish,seldom,3,178.42,76.734,21.395,79,403,8,10,1,1,0,0,1,1,low_risk
woman,150,DRG,seldom,3,152.95,51.253,22.988,52,11,6,19,1,0,1,0,0,1,low_risk
woman,125,BWS,seldom,2,149.62,57.403,39.775,129,689,5,26,1,0,0,0,1,1,low_risk
man,125,Limi,always,2,177.676,71.55,31.92,99,726,7,5,0,0,1,0,1,1,low_risk
woman,125,Limi,seldom,2,162.974,78.142,33.979,110,632,10,13,1,1,0,0,1,1,low_risk
woman,50,FORCE,always,2,159.123,34.6,23.397,103,960,4,19,1,0,0,1,1,1,low_risk
woman,100,BWS,usually,2,158.213,48.25,35.316,84,297,5,27,1,0,0,0,1,0,low_risk
man,125,BWS,seldom,2,182.668,48.767,29.725,57,437,10,17,1,0,0,1,1,1,low_risk
woman,125,axis Z,usually,2,162.435,56.66,20.066,112,984,3,17,1,0,1,1,0,1,low_risk
man,125,FORCE,sometimes,2,180.786,76.004,29.027,60,175,6,24,1,1,1,0,1,0,low_risk
woman,150,Limi,never,1,169.12,46.453,28.837,83,971,4,2,1,0,0,0,0,1,low_risk
man,125,GP,seldom,3,182.018,64.631,27.053,125,248,6,22,1,1,0,0,0,0,low_risk
woman,125,DRG,usually,2,150.71,49.38,35.194,104,92,1,6,0,1,0,0,1,1,low_risk
woman,100,BWS,sometimes,1,159.314,60.08,38.427,50,710,5,15,0,0,0,0,0,1,low_risk
man,125,FORCE,sometimes,1,172.811,62.983,31.159,69,908,2,5,1,0,0,1,1,0,low_risk
man,125,FORCE,usually,2,160.549,71.341,33.701,83,151,9,5,1,0,0,1,1,1,low_risk
man,50,Fiddle,seldom,2,166.875,66.451,37.502,114,696,4,6,1,0,1,0,0,1,low_risk
man,100,POG,sometimes,2,175.292,70.148,21.198,91,567,3,1,1,0,0,1,1,1,low_risk
woman,125,FORCE,never,2,152.474,37.624,25.947,68,215,0,11,1,0,0,0,0,1,low_risk
woman,100,famous,always,2,168.461,42.443,32.954,102,594,0,24,1,1,0,0,1,1,low_risk
woman,50,POG,always,2,152.942,45.57,26.124,48,446,3,23,1,0,0,0,1,1,low_risk
woman,50,DRG,sometimes,3,159.375,55.677,25.606,41,364,3,29,0,1,0,0,0,1,low_risk
woman,125,JET,sometimes,2,154.782,50.47,24.514,105,736,10,13,1,0,1,1,1,1,low_risk
woman,125,GP,sometimes,2,158.413,40.56,23.422,96,72,1,27,1,1,0,1,1,1,low_risk
woman,50,Fiddle,seldom,3,154.552,65.983,21.934,60,882,9,21,1,0,0,1,0,1,low_risk
woman,125,axis Z,usually,1,162.201,55.402,18.826,79,65,7,9,1,0,1,0,0,0,low_risk
man,100,GP,usually,1,170.647,69.466,18.818,43,741,4,14,1,0,0,0,0,1,low_risk
man,50,BWS,sometimes,2,164.043,70.902,18.476,104,100,2,6,1,0,0,0,1,1,low_risk
woman,100,cygnus,seldom,3,164.591,53.716,41.118,67,8,2,27,1,1,0,0,0,1,low_risk
man,100,BWS,always,1,181.313,59.777,57.156,77,50,9,10,1,0,0,0,0,1,low_risk
woman,125,axis Z,seldom,2,153.861,50.333,29.785,94,27,6,14,1,0,0,0,1,1,low_risk
man,125,DRG,sometimes,3,174.454,65.376,44.243,124,381,2,0,1,1,0,0,0,1,medium_risk
woman,125,POG,usually,2,153.723,27.464,32.988,92,82,6,28,1,0,0,0,1,0,low_risk
man,125,BWS,always,2,174.026,59.831,20.805,101,989,5,7,1,0,0,1,0,0,low_risk
man,125,BWS,usually,2,173.364,61.988,20.244,109,374,4,26,1,0,0,0,1,1,low_risk
man,50,GP,seldom,3,164.951,43.367,36.688,105,981,10,27,1,1,0,0,0,1,low_risk
woman,150,famous,sometimes,2,153.33,60.008,19.695,69,216,10,23,1,0,1,0,1,0,low_risk
man,125,DRG,never,3,177.626,64.404,32.16,77,679,2,20,1,0,1,1,1,1,low_risk
man,125,BWS,seldom,2,172.3,56.588,19.867,82,398,8,22,1,0,0,0,0,1,low_risk
man,125,Limi,never,2,182.01,60.984,30.938,102,63,3,20,1,1,0,0,1,1,low_risk
man,125,FORCE,usually,1,177.83,86.868,20.859,127,201,4,8,1,0,0,0,1,1,low_risk
man,100,JET,sometimes,3,175.759,65.355,25.57,121,421,5,10,1,0,0,0,1,1,low_risk
man,125,famous,always,2,164.283,72.816,31.354,78,745,7,6,1,0,0,0,0,1,low_risk
woman,125,Fiddle,seldom,3,159.921,49.618,22.845,83,584,6,15,1,0,0,0,0,1,low_risk
woman,125,Limi,always,2,148.599,47.361,21.388,70,98,1,27,1,0,0,0,0,1,low_risk
man,125,Swish,seldom,1,170.552,70.25,26.622,75,665,9,1,1,0,0,1,1,1,low_risk
woman,125,DRG,sometimes,3,159.635,70.259,22.13,52,851,9,13,1,0,0,1,0,1,low_risk
man,150,JET,sometimes,2,164.153,55.621,21.157,99,355,1,14,0,0,0,0,1,1,low_risk
woman,50,DRG,seldom,3,147.803,56.069,32.208,80,585,0,16,1,0,0,0,0,0,low_risk
man,50,DRG,seldom,2,172.007,80.282,22.003,46,102,5,19,1,1,0,1,1,1,low_risk
woman,125,Fiddle,seldom,3,152.769,46.913,49.676,85,696,5,17,0,0,0,0,1,1,low_risk
man,125,POG,sometimes,2,165.981,71.957,51.445,45,168,2,6,1,0,0,0,0,1,low_risk
man,100,Fiddle,seldom,2,176.47,75.686,34.222,48,577,10,7,1,0,0,0,0,1,low_risk
woman,150,cygnus,never,2,156.419,48.271,45.844,86,553,4,24,1,0,0,0,0,1,low_risk
man,50,axis Z,seldom,3,157.468,63.712,24.436,125,398,9,27,1,0,0,0,1,1,low_risk
woman,50,FORCE,seldom,3,155.211,43.142,28.294,126,736,4,1,0,0,0,0,1,1,low_risk
woman,100,FORCE,always,2,157.313,71.336,28.955,94,467,8,20,1,1,0,0,1,0,low_risk
man,125,Fiddle,usually,2,168.637,65.159,24.39,48,67,5,14,0,0,0,0,0,0,low_risk
man,125,Cuxi,never,2,168.694,75.616,27.216,82,479,8,15,1,1,1,1,0,0,low_risk
woman,125,cygnus,sometimes,2,159.243,44.469,29.497,113,575,0,21,1,0,0,0,0,1,low_risk
man,100,duke,always,1,175.171,68.195,18.676,77,453,3,10,1,0,0,1,1,1,low_risk
man,125,cygnus,usually,3,180.688,78.306,22.358,130,623,5,3,1,0,0,0,0,0,low_risk
man,125,duke,sometimes,3,162.286,62.487,60.693,46,616,8,26,0,0,0,1,1,1,low_risk
man,125,BWS,seldom,1,179.223,82.14,30.461,113,2,8,9,1,0,1,0,0,1,low_risk
man,50,JET,usually,2,170.502,93.4,31.382,105,757,6,28,1,1,0,0,0,1,low_risk
woman,125,axis Z,seldom,3,157.788,38.857,43.986,93,935,2,16,1,0,0,0,1,1,low_risk
man,125,BWS,sometimes,2,173.722,69.892,24.614,46,924,10,14,1,0,0,1,0,1,low_risk
man,150,DRG,usually,2,180.697,68.835,41.767,77,70,5,22,1,1,0,0,1,0,low_risk
woman,50,duke,seldom,1,164.204,46.232,41.606,93,129,8,3,1,0,0,0,1,1,low_risk
man,125,GP,sometimes,2,167.282,69.661,26.052,50,417,4,26,1,0,0,0,0,0,low_risk
man,100,Fiddle,sometimes,2,195.967,76.567,33.857,50,903,7,20,1,0,0,0,0,1,low_risk
man,125,BWS,seldom,2,176.627,70.472,47.761,78,202,0,7,1,1,0,0,1,1,low_risk
woman,150,duke,seldom,2,171.883,46.84,23.459,111,927,10,20,1,0,0,1,0,0,low_risk
woman,100,cygnus,seldom,2,151.317,58.911,24.519,60,218,4,26,1,1,1,1,0,1,low_risk
woman,125,Fiddle,sometimes,3,145.589,62.166,36.753,124,126,3,28,1,0,1,0,1,1,low_risk
woman,125,Cuxi,seldom,2,150.009,36.694,29.399,116,934,10,22,1,1,0,1,1,1,low_risk
man,125,duke,usually,2,166.953,64.84,25.971,99,416,4,6,1,1,1,1,0,1,low_risk
woman,125,BWS,always,2,165.588,54.493,34.849,83,883,1,12,1,1,0,0,1,1,medium_risk
man,50,cygnus,always,2,171.804,81.882,51.72,93,206,5,21,1,1,1,0,1,1,low_risk
woman,125,axis Z,usually,2,165.945,38.984,21.548,93,734,7,7,1,0,1,1,1,1,low_risk
man,125,axis Z,seldom,3,174.721,78.668,26.511,126,65,0,7,1,0,0,1,0,0,low_risk
woman,50,FORCE,seldom,2,157.932,64.981,19.245,73,831,8,29,0,1,0,0,1,1,low_risk
woman,150,cygnus,sometimes,2,155.934,54.416,19.22,44,416,8,27,1,0,0,1,0,1,low_risk
woman,125,DRG,never,2,157.293,54.456,37.57,41,639,2,2,0,0,1,0,1,1,medium_risk
man,125,DRG,seldom,3,170.52,81.778,35.212,87,290,3,25,1,0,0,0,0,1,low_risk
man,125,JET,seldom,3,177.408,54.962,27.312,101,701,5,23,1,0,0,0,1,1,low_risk
man,125,DRG,seldom,1,184.641,78.433,24.178,104,673,3,13,1,0,0,0,0,1,low_risk
woman,125,GP,seldom,3,155.864,40.718,27.844,60,439,1,14,1,0,0,0,1,1,low_risk
man,125,DRG,never,3,168.516,54.731,35.201,130,711,3,25,0,1,1,0,1,1,low_risk
man,100,BWS,sometimes,1,168.348,66.157,47.636,91,83,5,10,1,0,0,0,1,1,low_risk
woman,125,axis Z,sometimes,3,147.601,60.896,38.486,114,214,6,6,1,1,0,1,1,1,low_risk
man,125,famous,seldom,3,169.026,62.638,25.899,47,136,1,0,1,0,0,0,0,1,low_risk
man,100,cygnus,usually,3,176.461,75.362,23.587,80,12,4,24,1,0,1,0,0,1,low_risk
man,125,cygnus,usually,2,165.564,71.898,19.718,52,474,2,0,1,0,0,0,0,1,low_risk
woman,150,DRG,usually,2,165.077,48.098,28.205,77,454,8,16,1,0,0,1,1,1,low_risk
man,125,BWS,sometimes,3,172.253,68.29,20.495,91,516,7,15,1,0,0,0,0,1,low_risk
man,125,axis Z,sometimes,2,169.279,67.757,40.123,88,955,1,29,1,0,0,1,1,1,medium_risk
woman,150,DRG,seldom,2,159.851,36.108,18.225,87,50,5,28,1,0,0,0,0,0,low_risk
woman,100,DRG,seldom,2,162.242,55.742,23.698,62,54,5,13,1,0,1,0,1,1,low_risk
woman,50,Many,never,1,148.783,67.348,33.085,122,910,10,6,1,0,0,0,0,1,low_risk
man,125,duke,seldom,2,188.392,90.651,34.998,75,616,5,9,1,0,0,0,0,1,low_risk
man,125,Many,sometimes,2,175.364,62.538,41.543,118,612,9,28,1,1,0,1,1,1,low_risk
man,150,Many,sometimes,3,170.052,60.113,31.676,50,132,0,6,0,1,0,1,0,1,low_risk
man,125,Fiddle,seldom,2,170.728,75.5,27.83,56,73,1,16,1,1,0,0,1,1,low_risk
woman,125,famous,usually,2,150.883,41.901,19.383,118,780,9,29,1,0,0,0,0,1,low_risk
man,50,DRG,seldom,1,163.272,74.592,43.151,104,352,10,26,1,0,0,0,1,0,low_risk
man,125,Swish,sometimes,1,175.895,56.281,26.427,86,671,8,5,1,0,0,0,0,1,low_risk
man,125,Fiddle,seldom,2,185.065,70.94,31.333,80,469,6,17,1,0,0,0,1,1,low_risk
woman,150,Cuxi,sometimes,3,149.214,55.693,21.892,84,833,2,18,1,0,0,1,0,1,low_risk
woman,125,DRG,never,2,169.559,54.236,31.098,114,484,7,3,1,1,0,0,1,1,low_risk
woman,125,JET,usually,2,164.661,42.05,28.468,62,531,6,6,1,0,0,0,0,1,low_risk
woman,150,Many,sometimes,3,142.254,56.897,29.284,77,582,7,22,1,0,0,0,1,0,low_risk
woman,100,axis Z,never,2,152.304,47.961,30.932,119,704,7,15,1,0,0,0,1,1,low_risk
man,50,axis Z,seldom,1,164.632,83.074,53.523,73,919,7,21,1,0,0,0,1,1,low_risk
man,150,famous,seldom,2,178.305,75.585,31.289,116,739,2,6,0,0,0,0,1,0,low_risk
woman,125,JET,always,1,166.522,49.147,35.467,43,896,7,24,1,0,0,1,0,1,low_risk
woman,50,POG,never,3,150.87,21.713,50.543,103,350,0,13,1,0,0,0,0,1,low_risk
man,100,cygnus,seldom,2,183.76,61.055,42.398,83,718,4,26,1,0,0,0,1,1,low_risk
man,125,Limi,sometimes,3,172.841,59.843,19.102,77,254,2,1,1,0,0,0,0,1,low_risk
woman,150,duke,seldom,2,161.492,47.802,46.017,119,465,2,27,0,0,0,1,0,1,low_risk
woman,125,POG,seldom,2,164.056,60.564,28.414,129,874,6,24,1,1,0,0,0,1,low_risk
woman,125,JET,sometimes,2,178.607,54.814,36.754,73,575,1,1,0,0,0,0,0,1,low_risk
man,125,famous,sometimes,2,173.761,87.713,26.226,104,601,1,23,1,1,0,0,1,1,medium_risk
man,50,famous,never,2,164.149,72.954,41.64,63,452,1,14,1,0,1,1,1,1,low_risk
man,50,duke,seldom,3,167.046,83.685,26.509,85,309,9,17,1,0,0,1,0,0,low_risk
woman,125,DRG,seldom,3,172.975,27.913,28.441,40,222,4,15,1,1,0,0,1,0,low_risk
woman,125,GP,seldom,2,164.073,55.916,22.222,97,39,10,24,1,0,0,1,1,1,low_risk
woman,50,DRG,seldom,2,166.72,45.529,22.869,82,711,5,12,1,0,0,1,0,1,low_risk
man,150,Swish,seldom,3,175.185,77.888,39.404,43,771,2,24,1,0,0,1,1,1,low_risk
man,125,famous,seldom,1,159.886,65.24,25.808,125,209,2,14,1,0,0,0,0,1,low_risk
woman,50,DRG,usually,2,147.189,63.147,42.629,97,88,7,21,1,0,1,0,1,0,low_risk
man,125,famous,always,3,170.084,67.122,35.496,57,48,6,17,1,0,0,0,0,0,low_risk
man,100,POG,seldom,2,173.84,64.018,40.114,58,775,9,25,1,1,1,1,0,1,low_risk
man,50,POG,seldom,2,170.904,67.598,49.019,83,404,6,13,1,0,1,0,1,1,low_risk
woman,125,cygnus,usually,2,152.475,46.889,30.539,93,66,2,22,1,0,0,1,1,1,low_risk
man,125,BWS,never,2,177.788,80.999,42.791,60,479,3,18,1,0,0,0,1,1,low_risk
man,125,Fiddle,seldom,2,182.927,73.722,37.244,121,122,2,14,1,1,0,0,0,1,low_risk
woman,125,DRG,always,1,159.579,61.285,21.153,42,830,1,15,1,0,1,1,1,1,low_risk
man,125,Swish,sometimes,3,176.136,68.773,27.922,94,153,3,27,1,0,0,1,0,1,low_risk
woman,125,Limi,seldom,2,163.306,40.255,23.143,63,679,1,25,1,0,0,1,0,0,low_risk
man,125,Many,usually,3,171.471,65.16,54.02,86,95,0,4,1,0,0,0,1,1,low_risk
man,100,Fiddle,never,3,177.646,49.646,34.349,54,778,2,5,1,0,0,0,1,1,low_risk
man,125,GP,seldom,2,166.228,71.2,19.711,70,865,10,6,1,0,0,1,0,1,low_risk
woman,150,Swish,usually,2,166.289,36.784,22.537,51,401,9,22,1,0,0,0,0,0,low_risk
man,125,BWS,never,2,165.37,65.186,19.188,100,389,2,26,1,1,0,0,0,1,low_risk
man,150,GP,sometimes,2,164.252,64.88,22.663,63,995,1,22,1,0,0,1,1,1,low_risk
man,150,JET,seldom,2,179.408,75.815,47.473,115,667,6,6,1,0,0,1,1,1,low_risk
man,100,duke,usually,2,163.231,58.758,28.836,53,878,3,14,1,0,0,1,1,1,low_risk
man,125,Limi,seldom,3,169.481,87.633,21.102,128,457,8,12,1,1,0,0,1,0,low_risk
man,125,GP,usually,2,185.066,45.284,52.273,68,185,3,5,1,0,1,0,0,1,low_risk
man,125,duke,seldom,2,168.581,58.967,45.375,93,942,8,14,1,0,0,0,1,1,low_risk
woman,125,Swish,sometimes,3,152.393,47.991,34.58,51,291,6,5,1,1,0,0,0,0,low_risk
man,150,Limi,usually,2,171.048,69.625,42.026,88,696,0,23,1,1,0,0,0,1,low_risk
man,125,POG,never,3,170.936,70.138,30.517,124,990,9,21,1,0,0,0,0,1,low_risk
man,150,famous,never,2,164.715,67.736,36.876,84,648,10,17,1,1,0,0,1,1,low_risk
woman,125,duke,always,2,152.629,53.141,53.928,81,941,0,8,1,1,0,1,1,1,medium_risk
woman,50,cygnus,seldom,3,166.904,38.466,25.062,69,969,6,8,1,1,0,1,1,1,low_risk
man,125,POG,sometimes,3,168.545,64.444,28.374,81,674,2,11,1,0,0,0,0,1,low_risk
woman,50,famous,seldom,2,151.76,53.112,60.605,64,343,10,6,1,0,0,0,1,1,low_risk
woman,125,cygnus,seldom,2,154.861,40.641,19.5,53,66,9,23,1,1,0,0,1,0,low_risk
man,125,JET,always,3,186.413,41.664,34.153,129,14,7,27,1,0,0,1,1,1,low_risk
woman,50,Fiddle,never,2,158.558,65.362,30.975,64,216,0,3,1,1,1,1,1,1,low_risk
man,125,FORCE,usually,3,171.064,86.187,40.836,99,662,7,0,1,0,0,0,0,1,medium_risk
man,125,GP,seldom,3,166.542,62.828,22.393,45,452,5,21,1,0,1,1,0,1,low_risk
man,125,JET,sometimes,2,170.225,75.197,25.296,87,276,10,23,1,0,0,0,0,1,low_risk
man,125,famous,sometimes,3,178.233,71.469,36.487,113,158,3,12,1,1,1,0,0,1,low_risk
man,125,POG,seldom,2,164.876,39.452,21.286,40,368,5,7,1,1,0,0,0,1,low_risk
woman,125,DRG,sometimes,2,149.138,57.565,23.092,82,581,10,18,1,1,0,0,1,1,low_risk
woman,150,BWS,never,1,163.418,47.128,31.32,71,282,4,8,0,0,1,0,1,1,low_risk
man,125,POG,sometimes,1,181.246,65.711,44.779,110,714,10,25,1,0,0,0,0,1,low_risk
woman,150,duke,seldom,2,156.68,45.219,29.181,119,33,0,11,1,0,0,0,0,1,low_risk
man,125,Swish,usually,1,182.985,51.554,34.958,67,737,1,26,1,1,0,1,1,1,low_risk
man,125,BWS,sometimes,2,171.214,78.815,35.514,84,432,1,2,1,0,0,1,0,0,low_risk
woman,150,Fiddle,sometimes,2,146.316,46.621,18.06,130,786,8,8,1,0,0,0,0,1,low_risk
man,125,cygnus,seldom,3,171.67,68.817,21.055,103,867,9,29,1,1,0,1,0,1,low_risk
man,125,cygnus,seldom,1,192.019,80.708,31.446,96,932,5,1,1,0,0,0,1,1,low_risk
woman,125,famous,always,3,150.41,39.858,26.031,127,739,6,14,1,0,0,0,1,1,low_risk
man,125,cygnus,seldom,3,173.929,64.977,24.891,83,622,7,27,1,0,1,0,0,1,low_risk
woman,125,duke,seldom,3,163.029,68.719,30.79,47,613,0,6,1,0,0,1,1,1,low_risk
woman,125,axis Z,seldom,2,152.733,62.51,27.9,118,610,9,9,1,0,0,0,1,1,low_risk
woman,125,GP,seldom,2,138.484,44.362,35.664,83,54,7,29,1,0,0,0,1,1,low_risk
man,125,Swish,seldom,3,163.325,63.772,21.363,111,474,5,21,1,0,0,0,1,1,low_risk
woman,100,Swish,seldom,2,146.229,58.143,37.092,51,458,7,2,1,1,0,0,1,1,low_risk
man,100,POG,sometimes,3,162.588,78.17,28.687,110,763,5,23,1,1,0,1,0,1,low_risk
woman,125,Swish,usually,2,160.958,48.157,36.281,60,803,6,10,1,0,0,0,1,1,low_risk
man,50,Cuxi,seldom,3,172.949,62.804,23.204,61,152,10,22,1,0,1,0,1,1,low_risk
man,125,GP,sometimes,2,181.27,82.506,30.036,52,588,7,28,1,0,0,0,1,1,low_risk
man,125,Cuxi,seldom,2,184.798,75.917,44.696,124,755,9,15,1,0,0,0,0,1,low_risk
woman,125,BWS,never,2,157.594,51.2,21.72,46,739,8,20,1,1,0,0,1,1,low_risk
woman,125,Many,never,1,157.108,53.804,40.818,51,323,5,3,1,1,1,0,0,1,low_risk
woman,125,axis Z,sometimes,2,164.131,62.371,33.946,69,609,7,29,0,1,0,0,0,1,low_risk
woman,150,Limi,never,1,165.317,44.742,18.34,79,394,9,2,1,1,0,0,0,0,low_risk
woman,125,GP,seldom,2,158.543,53.41,35.737,101,13,8,1,1,0,0,1,0,1,low_risk
man,125,Many,seldom,3,173.471,77.452,37.081,74,739,0,26,1,0,0,0,1,1,low_risk
man,125,Limi,sometimes,2,179.46,62.291,38.694,77,91,9,14,0,0,0,0,0,1,low_risk
man,125,cygnus,seldom,1,179.319,78.151,23.928,110,546,2,12,1,0,0,1,0,1,low_risk
man,125,POG,sometimes,2,188.228,63.961,28.981,97,201,9,12,1,0,0,0,1,1,low_risk
man,125,Many,seldom,2,174.291,65.442,37.107,118,896,9,10,1,0,0,0,1,1,low_risk
woman,125,GP,sometimes,2,153.424,56.741,22.534,47,983,10,3,1,0,0,1,0,1,low_risk
woman,125,JET,seldom,2,169.745,60.638,22.022,124,899,9,17,1,0,1,0,0,1,low_risk
woman,125,DRG,usually,3,157.306,68.214,42.709,89,893,6,10,1,1,0,0,0,1,low_risk
man,125,Many,seldom,2,170.615,61.199,30.836,71,526,8,24,1,1,0,0,1,1,low_risk
man,125,DRG,seldom,2,176.461,67.65,36.75,61,821,10,14,1,0,0,1,0,0,low_risk
man,125,POG,always,2,177.106,79.899,48.147,110,428,4,7,1,1,0,0,1,1,low_risk
woman,100,duke,seldom,2,165.404,43.83,18.61,84,209,6,10,1,0,0,0,0,1,low_risk
man,150,famous,seldom,2,166.665,75.021,25.985,60,686,1,23,0,0,0,1,0,1,low_risk
man,100,GP,seldom,2,168.893,72.015,37.178,63,375,9,23,1,0,0,0,0,1,low_risk
woman,125,famous,always,3,160.968,26.874,30.143,97,155,6,2,1,0,0,0,0,1,low_risk
woman,150,axis Z,always,1,148.046,36.421,22.815,71,340,4,7,1,1,0,0,1,1,low_risk
woman,150,GP,seldom,2,158.057,48.294,37.832,107,41,1,3,0,0,0,0,1,1,low_risk
woman,150,JET,seldom,3,159.941,62.564,42.015,99,43,10,18,0,0,0,0,1,0,low_risk
man,125,JET,seldom,3,163.754,81.474,40.626,71,973,5,25,1,1,0,0,1,1,low_risk
woman,125,Cuxi,sometimes,3,157.64,57.267,27.091,123,959,2,4,1,0,0,0,1,1,low_risk
woman,125,GP,usually,2,150.585,53.716,23.536,126,98,10,29,1,0,0,0,0,1,low_risk
man,125,Swish,seldom,2,189.46,64.612,28.318,112,361,8,4,1,0,0,0,0,1,low_risk
woman,125,Swish,usually,2,159.605,49.707,29.273,69,589,1,20,1,1,1,0,1,1,low_risk
man,150,Many,never,3,176.315,72.251,26.254,98,398,9,29,1,1,1,0,0,1,low_risk
woman,125,Limi,sometimes,2,157.403,30.478,46.953,46,70,1,6,1,0,0,0,1,1,low_risk
woman,125,Cuxi,sometimes,3,150.286,60.073,21.613,67,349,7,5,1,0,0,0,0,1,low_risk
woman,125,Many,sometimes,3,156.336,44.867,42.535,97,36,8,0,1,1,0,1,1,1,low_risk
man,100,Many,never,2,179.979,73.493,32.146,70,63,5,23,0,0,0,1,0,1,low_risk
woman,150,duke,always,3,157.622,38.313,22.366,110,195,9,25,1,0,0,1,1,1,low_risk
woman,125,Many,usually,2,179.276,38.425,25.412,83,156,0,19,1,0,0,0,0,1,low_risk
man,150,cygnus,seldom,2,179.683,63.761,22.681,69,791,7,6,1,0,0,1,0,0,low_risk
man,125,Cuxi,usually,2,177.337,84.147,31.273,97,333,6,16,1,1,0,0,0,1,low_risk
man,150,POG,sometimes,2,169.709,79.71,18.171,96,426,5,13,1,1,0,0,1,1,low_risk
woman,150,POG,seldom,3,170.908,59.501,25.507,101,737,4,11,1,1,0,0,1,1,low_risk
woman,125,axis Z,seldom,1,160.767,46.616,29.202,49,200,6,12,1,0,0,0,0,1,low_risk
man,125,DRG,seldom,2,159.732,49.139,23.092,65,180,4,28,1,0,0,0,0,1,low_risk
woman,125,JET,seldom,3,160.49,37.692,19.969,47,846,2,21,1,1,0,0,1,1,low_risk
man,50,GP,sometimes,2,169.767,79.769,31.506,91,564,9,21,1,0,0,0,1,1,low_risk
woman,125,Many,always,3,151.414,47.085,19.83,46,205,3,11,1,0,0,1,0,1,low_risk
woman,150,Many,seldom,1,150.113,45.185,39.354,94,432,3,26,1,1,0,0,0,1,low_risk
man,125,famous,seldom,2,175.995,60.427,26.958,52,682,0,11,1,1,0,1,0,0,low_risk
woman,150,famous,never,2,154.578,52.308,23.933,72,202,5,20,1,0,1,0,1,1,low_risk
man,125,axis Z,sometimes,2,168.204,55.435,48.675,100,98,3,7,1,0,1,0,1,0,low_risk
woman,100,DRG,usually,3,156.95,45.576,25.687,90,71,4,13,1,0,1,1,0,1,low_risk
woman,125,POG,sometimes,3,166.497,47.624,46.592,124,156,7,0,1,0,0,0,0,1,medium_risk
man,125,cygnus,seldom,2,187.715,75.604,47.563,118,529,3,23,1,0,0,0,1,0,low_risk
woman,125,POG,seldom,2,168.69,41.215,25.949,53,783,8,4,1,0,0,1,1,1,low_risk
woman,125,GP,seldom,1,149.662,60.442,41.045,67,599,1,20,1,0,1,1,1,1,low_risk
woman,150,Fiddle,usually,2,159.956,43.016,18.705,103,690,10,28,1,0,0,0,1,0,low_risk
man,125,Limi,seldom,2,178.56,72.91,37.152,57,93,5,5,1,0,0,0,0,1,low_risk
man,125,POG,seldom,1,175.766,71.241,20.614,112,95,5,6,1,0,0,0,0,1,low_risk
woman,100,famous,sometimes,3,162.997,40.507,45.957,93,825,7,12,1,0,0,0,0,1,low_risk
woman,125,FORCE,usually,2,157.91,50.721,34.026,108,439,4,11,1,0,0,0,0,1,low_risk
woman,100,FORCE,seldom,2,155.476,71.732,28.496,81,651,2,3,1,0,0,0,1,1,medium_risk
woman,125,Swish,never,3,160.876,66.916,38.93,128,546,2,3,1,0,0,1,1,1,low_risk
man,125,axis Z,sometimes,2,179.172,53.646,49.108,124,202,5,2,1,0,0,1,1,1,low_risk
woman,125,Cuxi,usually,2,148.426,57.344,42.394,124,985,10,29,1,0,0,0,0,1,low_risk
woman,125,cygnus,seldom,2,154.632,42.45,28.415,51,294,3,13,1,1,0,1,1,0,low_risk
man,100,duke,always,2,174.96,53.606,39.588,117,915,9,13,1,0,0,0,1,0,low_risk
woman,50,Swish,always,3,163.957,40.732,28.697,116,278,10,15,1,0,0,0,0,0,low_risk
woman,125,JET,seldom,3,157.752,46.586,29.283,69,539,9,13,1,0,1,0,0,0,low_risk
woman,125,BWS,seldom,3,154.238,60.34,26.492,130,206,0,5,1,1,0,0,0,1,low_risk
woman,150,POG,never,2,143.946,61.165,29.657,75,124,6,3,1,0,1,1,0,1,low_risk
man,125,duke,usually,2,177.33,56.695,23.504,126,352,7,3,1,0,0,0,1,0,low_risk
woman,150,famous,sometimes,2,164.385,57.598,38.056,91,810,6,24,1,0,0,0,1,1,low_risk
man,125,cygnus,always,2,165.747,76.614,41.868,109,364,0,3,1,0,0,0,1,1,low_risk
man,125,famous,seldom,2,173.5,75.348,39.108,88,280,0,20,1,1,1,1,0,0,low_risk
man,125,JET,always,2,186.855,67.537,46.062,67,989,2,5,0,0,0,0,1,1,medium_risk
woman,125,Many,sometimes,1,169.022,41.907,32.53,129,509,3,18,0,1,0,1,1,1,low_risk
man,125,BWS,sometimes,2,185.039,78.186,34.848,115,963,0,26,1,0,0,0,0,1,medium_risk
man,125,POG,seldom,1,174.7,74.869,38.379,87,676,4,13,1,0,0,1,0,1,low_risk
woman,125,BWS,seldom,3,164.513,48.099,20.113,65,795,2,23,1,0,0,0,1,1,low_risk
man,125,cygnus,sometimes,1,171.981,65.479,30.211,63,612,1,15,1,0,0,1,0,1,low_risk
man,125,GP,seldom,3,181.371,60.138,37.566,130,902,0,14,1,0,0,0,0,1,low_risk
woman,125,POG,seldom,2,166.591,37.406,28.752,81,69,5,8,1,1,1,0,1,0,low_risk
man,150,Limi,always,2,181.409,79.364,19.07,64,171,8,24,1,0,1,0,0,1,low_risk
man,50,cygnus,sometimes,2,162.897,77.199,37.044,56,103,6,23,1,0,0,1,0,1,low_risk
woman,125,Many,never,2,162.694,42.362,35.894,42,132,3,6,1,0,0,1,0,1,low_risk
woman,150,axis Z,sometimes,2,151.223,47.402,46.243,57,496,7,28,1,0,0,0,1,1,low_risk
woman,125,Limi,seldom,2,163.966,56.613,35.899,88,602,10,28,1,1,0,0,1,0,low_risk
man,125,Cuxi,seldom,2,177.817,76.229,25.629,113,376,7,13,1,1,0,1,0,0,low_risk
man,125,Fiddle,seldom,2,168.668,71.737,24.711,79,924,10,6,1,0,1,0,1,1,low_risk
man,150,famous,sometimes,3,163.913,88.845,27.155,101,106,7,17,1,0,0,0,0,0,low_risk
man,125,POG,seldom,3,169.675,69.076,40.183,97,700,3,2,1,0,0,0,0,1,low_risk
woman,150,cygnus,seldom,2,161.655,55.475,48.106,77,427,10,5,1,0,0,0,0,1,low_risk
woman,100,Cuxi,seldom,2,152.502,65.17,54.835,41,350,0,24,1,0,0,1,0,1,low_risk
woman,125,DRG,seldom,3,166.74,70.212,21.41,63,314,6,11,1,0,0,1,0,1,low_risk
man,150,BWS,seldom,2,164.246,72.68,22.308,127,852,10,23,1,0,1,1,1,1,low_risk
man,125,duke,never,2,178.397,64.738,36.435,88,829,9,17,1,0,0,0,1,0,low_risk
woman,125,Many,always,2,147.427,43.556,25.477,117,934,10,20,1,0,1,0,0,0,low_risk
woman,150,JET,seldom,1,168.819,36.794,45.776,61,988,4,22,1,1,0,0,0,1,low_risk
man,100,Many,sometimes,2,165.953,73.608,26.466,80,994,9,12,1,0,1,0,0,1,low_risk
woman,150,DRG,usually,2,158.55,38.861,58.045,109,828,4,10,1,1,0,0,0,1,low_risk
woman,125,axis Z,usually,3,159.816,35.808,19.59,117,502,2,19,1,0,0,0,0,0,low_risk
woman,100,famous,sometimes,2,157.569,38.226,26.397,93,42,8,10,1,0,0,0,0,1,low_risk
man,125,BWS,usually,2,188.948,35.848,32.343,81,520,6,24,1,0,0,0,0,1,low_risk
man,150,FORCE,seldom,2,176.033,84.496,20.605,57,2,9,6,1,1,0,1,0,1,low_risk
man,125,Cuxi,sometimes,2,162.36,72.829,21.095,114,405,2,7,1,1,1,0,0,1,low_risk
woman,150,POG,never,2,153.619,44.439,53.152,41,70,5,7,0,1,0,1,1,1,low_risk
woman,100,Limi,seldom,3,149.947,38.511,29.18,57,741,4,9,1,0,1,0,1,0,low_risk
woman,125,Fiddle,seldom,2,151.279,64.89,19.151,68,238,4,8,0,0,1,0,1,0,low_risk
man,125,POG,never,2,179.654,60.788,24.572,85,993,9,1,1,1,0,1,0,1,low_risk
woman,150,GP,sometimes,1,147.452,47.024,42.654,94,993,7,22,1,0,0,1,0,1,low_risk
man,150,axis Z,never,2,173.512,69.495,43.172,92,555,3,16,1,0,0,0,1,0,low_risk
woman,150,axis Z,usually,2,165.276,60.33,40.005,47,787,4,9,1,0,1,1,0,1,low_risk
woman,150,Fiddle,always,2,166.599,54.924,19.039,120,861,4,24,1,0,0,0,0,1,low_risk
man,50,Many,seldom,2,179.462,53.956,39.324,105,346,10,5,1,0,0,1,0,1,low_risk
man,150,axis Z,sometimes,2,161.112,67.895,19.855,48,100,5,16,1,0,0,0,1,1,low_risk
woman,125,famous,always,2,155.303,59.796,31.098,104,113,4,3,1,0,1,0,1,1,low_risk
woman,150,cygnus,seldom,2,172.936,67.572,21.643,40,618,3,15,1,0,0,0,0,0,low_risk
woman,125,DRG,never,3,144.784,46.849,32.158,60,576,6,15,1,0,0,1,1,1,low_risk
woman,125,POG,usually,2,144.191,48.716,38.655,101,34,1,22,0,0,0,1,0,1,low_risk
woman,100,JET,seldom,3,152.774,61.62,22.446,48,146,9,3,1,0,1,1,1,1,low_risk
woman,150,duke,sometimes,3,160.944,36.826,29.183,95,570,6,7,1,1,1,0,1,1,low_risk
man,125,Fiddle,seldom,3,174.276,88.218,22.791,106,207,1,20,1,1,0,0,1,0,low_risk
woman,150,axis Z,always,1,155.697,56.069,41.673,88,398,4,24,1,0,0,0,0,1,low_risk
woman,150,DRG,usually,1,154.204,47.204,34.823,68,829,9,8,1,1,0,0,0,1,low_risk
man,50,Swish,seldom,2,171.926,65.563,44.139,99,152,7,9,1,1,0,0,0,1,low_risk
man,125,Many,always,2,177.205,72.892,28.723,87,192,10,18,1,1,0,0,0,1,low_risk
woman,125,JET,seldom,2,153.052,37.934,40.497,90,509,10,3,1,0,1,1,0,1,low_risk
man,125,duke,sometimes,2,189.852,53.938,47.976,70,794,6,25,1,1,0,0,0,1,low_risk
man,150,DRG,seldom,2,168.306,69.903,26.41,122,812,2,24,1,0,0,0,1,1,low_risk
woman,125,Swish,sometimes,2,154.265,66.928,25.285,119,294,5,14,1,0,0,0,1,1,low_risk
man,125,Many,usually,2,162.434,69.6,35.662,77,585,2,13,1,0,0,0,1,1,low_risk
man,125,DRG,always,3,173.712,66.51,31.2,115,259,10,29,1,0,0,0,0,1,low_risk
woman,125,Many,seldom,2,160.701,59.525,23.792,73,112,7,24,1,1,0,0,1,0,low_risk
man,100,Many,usually,3,174.384,74.952,34.272,110,799,7,11,1,0,1,1,1,1,low_risk
man,125,Limi,never,2,180.884,77.904,20.284,40,835,3,14,0,0,0,0,1,1,low_risk
woman,50,duke,sometimes,2,156.597,36.304,25.009,122,373,0,1,1,1,0,1,1,1,low_risk
man,125,cygnus,usually,1,174.79,70.627,24.79,57,495,9,25,1,0,0,1,1,1,low_risk
woman,50,duke,never,1,166.4,48.661,26.745,110,51,8,16,1,0,0,1,1,1,low_risk
man,50,duke,seldom,2,170.648,61.8,54.051,55,535,2,12,1,1,0,1,1,1,low_risk
man,125,Swish,never,3,188.856,75.959,20.045,118,943,6,19,1,0,0,1,1,1,low_risk
woman,100,Cuxi,seldom,2,158.354,52.709,30.806,111,26,3,8,1,0,1,1,1,1,low_risk
man,125,axis Z,never,1,182.394,67.303,20.429,103,163,3,2,1,0,0,0,0,1,low_risk
woman,150,POG,sometimes,2,151.83,65.432,24.243,65,10,7,17,1,0,0,1,0,1,low_risk
woman,150,Limi,usually,2,161.788,54.694,24.59,112,759,1,5,1,0,0,0,1,1,low_risk
man,125,Many,seldom,3,184.423,74.609,18.191,58,325,4,15,1,0,1,0,1,1,low_risk
woman,125,Swish,usually,2,167.379,51.166,18.338,66,393,4,19,1,1,0,0,1,1,low_risk
man,125,Fiddle,sometimes,2,170.284,60.215,25.413,120,819,9,21,1,1,0,0,1,1,low_risk
woman,125,Fiddle,seldom,2,158.284,63.706,24.481,68,456,2,13,1,1,0,0,0,1,low_risk
man,50,DRG,usually,2,178.511,71.982,35.228,74,745,10,19,1,0,0,1,0,1,low_risk
man,50,DRG,seldom,2,184.177,75.084,21.001,102,446,5,3,1,0,0,1,1,1,low_risk
woman,125,Cuxi,usually,3,168.423,39.227,22.494,104,126,8,10,1,0,0,1,0,1,low_risk
woman,125,Swish,usually,2,151.713,46.08,46.794,72,762,10,17,1,0,0,1,0,1,low_risk
man,125,cygnus,seldom,3,172.601,69.87,27.2,60,809,1,8,1,0,0,0,1,1,low_risk
man,150,BWS,never,3,172.221,74.765,46.178,47,65,5,24,1,0,0,1,1,1,low_risk
man,150,Many,seldom,3,176.427,70.471,35.497,82,90,1,5,0,0,0,0,0,1,low_risk
woman,125,famous,usually,2,151.047,48.983,32.037,117,737,7,9,0,1,0,1,0,1,low_risk
woman,50,Swish,sometimes,2,156.841,63.614,40.146,77,471,9,22,1,1,0,0,1,1,low_risk
woman,125,BWS,usually,3,170.84,53.972,30.211,116,463,1,16,1,0,0,1,0,1,low_risk
man,150,duke,always,2,183.813,80.27,19.921,51,968,4,15,1,1,1,0,0,0,low_risk
man,100,duke,seldom,2,177.012,90.448,35.905,66,659,4,26,0,0,0,1,1,1,low_risk
man,100,Cuxi,seldom,2,181.083,90.414,32.921,97,799,1,3,1,0,0,0,1,0,low_risk
woman,150,GP,seldom,2,169.503,53.382,30.162,109,323,4,8,1,1,0,0,1,1,low_risk
woman,100,POG,seldom,2,167.864,66.691,25.338,106,919,7,10,1,0,1,1,1,0,low_risk
man,125,famous,seldom,2,164.548,65.169,23.665,109,895,6,13,1,0,0,0,1,1,low_risk
woman,150,JET,sometimes,3,162.992,48.296,43.482,85,648,2,26,1,0,0,0,0,1,low_risk
man,50,Many,sometimes,2,187.287,55.231,23.672,97,406,3,5,1,0,1,0,1,1,low_risk
woman,125,Fiddle,always,1,146.778,64.865,39.977,123,950,4,28,1,0,0,0,1,1,low_risk
man,125,JET,seldom,1,179.128,74.826,39.002,44,430,1,20,0,0,0,1,1,1,low_risk
woman,125,axis Z,sometimes,2,170.06,46.159,19.745,62,227,4,14,1,1,1,0,1,0,low_risk
man,100,Swish,seldom,2,172.391,50.275,45.112,42,531,3,25,1,0,1,1,1,1,low_risk
woman,125,Many,always,2,147.104,46.94,35.384,42,115,7,24,1,0,0,0,1,1,low_risk
woman,50,Limi,seldom,2,168.199,55.294,26.382,126,263,8,9,1,1,1,0,0,1,low_risk
woman,125,Cuxi,sometimes,2,158.491,54.062,38.622,95,580,9,9,1,0,0,1,0,0,low_risk
man,125,JET,usually,2,170.906,52.568,21.946,102,767,7,8,1,0,0,1,1,1,low_risk
woman,125,cygnus,seldom,2,163.899,46.35,18.605,108,711,9,27,1,0,0,1,1,1,low_risk
woman,125,DRG,sometimes,2,171.728,34.812,50.085,43,242,9,14,1,0,0,1,1,1,low_risk
woman,150,Swish,sometimes,2,162.785,38.203,21.605,91,964,3,6,1,0,0,0,1,1,low_risk
woman,100,POG,never,3,148.293,48.98,25.613,92,289,6,29,0,0,1,0,1,0,low_risk
woman,125,Limi,sometimes,2,157.868,57.819,48.434,75,591,1,24,1,1,0,0,1,1,low_risk
man,150,axis Z,usually,2,182.425,74.565,30.728,125,135,4,22,1,0,0,0,0,0,low_risk
woman,150,DRG,usually,3,159.182,54.877,20.249,51,684,2,2,1,0,0,0,0,1,low_risk
man,125,Limi,sometimes,3,167.94,94.5,42.543,103,628,7,0,1,0,0,0,1,1,low_risk
woman,150,JET,seldom,3,157.731,50.927,33.047,129,140,4,15,1,1,0,0,0,0,low_risk
man,150,DRG,seldom,2,176.229,84.194,24.813,112,191,10,15,1,0,0,0,1,1,low_risk
man,150,duke,seldom,3,173.783,57.647,37.338,102,425,2,10,1,1,0,0,1,0,low_risk
man,125,Cuxi,usually,3,169.357,68.711,48.636,99,524,8,3,1,0,0,1,1,1,low_risk
woman,125,DRG,seldom,2,161.15,56.332,48.069,124,947,1,12,1,0,0,0,0,0,low_risk
woman,100,axis Z,seldom,2,164.944,48.924,23.216,94,437,6,27,1,0,0,0,1,0,low_risk
woman,125,Fiddle,seldom,2,162.697,36.627,30.066,97,382,7,21,1,0,0,0,1,1,low_risk
woman,100,GP,sometimes,3,151.649,53.996,37.301,117,836,7,1,1,0,1,0,0,1,low_risk
woman,150,famous,seldom,1,162.107,62.937,28.458,123,842,4,23,1,0,0,1,0,0,low_risk
man,125,POG,sometimes,2,167.548,70.271,29.766,80,908,5,23,1,1,0,0,1,0,low_risk
woman,125,Swish,sometimes,2,165.153,55.063,42.231,84,952,4,29,1,1,1,0,0,1,low_risk
man,150,cygnus,seldom,3,178.945,45.942,29.079,45,148,0,17,1,1,0,0,1,0,low_risk
woman,150,BWS,never,3,166.111,49.89,19.09,72,185,2,14,1,0,0,1,1,1,low_risk
woman,50,Limi,seldom,2,149.613,56.47,30.322,54,821,5,13,1,0,0,0,0,1,low_risk
man,125,GP,seldom,2,184.111,69.481,39.683,84,748,9,7,1,1,1,0,1,1,low_risk
woman,150,axis Z,usually,3,159.305,54.593,27.123,124,480,0,0,1,0,0,0,1,1,low_risk
woman,125,BWS,sometimes,3,153.503,44.439,36.862,129,445,6,15,1,0,0,0,1,1,low_risk
man,125,POG,seldom,3,183.279,73.68,42.612,91,231,3,26,1,0,1,0,1,1,low_risk
woman,125,FORCE,seldom,1,172.734,44.924,23.324,101,366,2,2,1,0,1,1,0,1,low_risk
woman,125,Cuxi,always,2,153.543,49.327,34.249,66,379,10,29,0,0,0,1,0,1,low_risk
woman,150,Swish,usually,2,171.127,54.191,20.016,45,371,5,11,1,0,0,1,1,1,low_risk
woman,125,DRG,sometimes,3,164.41,52.629,18.876,75,668,4,3,1,0,0,0,1,1,low_risk
man,150,famous,usually,2,180.814,67.381,19.914,65,452,1,19,1,0,1,0,0,1,low_risk
woman,125,GP,never,3,155.163,61.287,46.072,58,97,9,11,1,0,0,0,1,1,low_risk
man,100,Fiddle,seldom,2,179.572,64.286,47.278,74,195,2,28,1,0,0,0,0,1,low_risk
woman,150,Swish,sometimes,3,157.705,35.561,37.342,80,306,1,3,1,0,0,0,0,1,low_risk
man,125,Limi,seldom,3,160.669,85.608,36.428,83,916,4,9,1,0,1,1,1,1,low_risk
woman,50,GP,never,2,140.914,65.822,23.339,91,792,8,8,1,0,0,0,1,1,low_risk
woman,125,Many,sometimes,2,155.016,69.171,34.443,110,741,6,5,1,1,0,0,1,0,low_risk
man,100,Fiddle,sometimes,2,162.928,53.511,18.83,128,284,3,27,1,1,0,0,1,1,low_risk
man,150,cygnus,seldom,2,191.852,59.548,28.105,56,697,9,16,1,0,0,0,1,0,low_risk
woman,125,axis Z,usually,2,156.536,43.103,38.795,65,125,8,29,1,1,1,1,0,1,low_risk
woman,125,Fiddle,sometimes,3,164.392,49.051,19.541,103,158,0,1,1,0,0,0,1,0,low_risk
man,150,Limi,seldom,3,170.448,64.619,29.483,49,961,8,22,1,1,0,0,0,1,low_risk
man,100,duke,sometimes,2,173.972,58.716,51.739,51,662,1,29,0,0,0,0,1,0,low_risk
woman,125,cygnus,usually,2,173.172,40.242,18.741,72,684,2,16,1,0,0,1,0,1,medium_risk
man,50,cygnus,seldom,1,170.94,65.633,27.203,82,200,4,9,1,0,1,1,0,1,low_risk
woman,100,GP,always,3,151.801,50.367,30.859,83,149,7,18,1,1,0,1,0,1,low_risk
woman,50,JET,seldom,2,147.044,47.739,34.74,93,115,7,19,0,1,0,0,1,1,low_risk
woman,125,BWS,sometimes,2,153.859,46.633,45.154,78,283,6,15,0,0,0,1,1,1,low_risk
man,125,axis Z,always,2,156.775,55.361,21.553,99,982,8,0,1,0,0,0,1,1,low_risk
man,125,FORCE,never,2,163.715,70.335,19.297,73,598,5,10,1,1,1,0,1,1,low_risk
man,150,cygnus,sometimes,2,179.692,63.815,34.518,50,324,3,4,1,0,1,1,1,1,low_risk
man,125,POG,seldom,1,165.879,62.533,30.927,58,744,9,1,1,1,0,0,0,1,low_risk
woman,150,Cuxi,sometimes,2,167.365,55.719,52.763,57,226,6,12,1,0,0,0,1,1,low_risk
man,150,JET,usually,3,177.745,82.305,18.562,99,180,9,1,1,0,1,0,1,1,low_risk
man,50,Limi,seldom,2,166.57,67.779,27.304,122,614,4,10,1,0,1,0,1,1,low_risk
woman,125,BWS,usually,2,156.969,14.28,54.586,81,471,5,18,1,0,0,1,0,1,low_risk
woman,125,Swish,sometimes,2,161.15,41.238,23.454,80,979,2,19,1,0,0,0,1,0,low_risk
woman,125,Swish,seldom,2,158.578,48.927,31.197,110,663,0,12,1,0,1,1,0,0,low_risk
man,125,cygnus,sometimes,1,190.688,64.524,25.043,118,931,6,10,1,0,1,1,0,1,low_risk
man,125,JET,always,2,163.963,50.087,27.122,88,635,8,8,1,1,0,1,1,1,low_risk
woman,125,JET,never,3,172.306,36.562,39.456,83,218,2,18,1,0,0,1,0,1,low_risk
man,100,famous,sometimes,2,181.007,77.751,32.69,89,832,4,25,1,1,1,0,1,1,low_risk
man,100,FORCE,seldom,1,192.823,62.851,30.587,67,953,4,19,1,1,0,0,1,0,low_risk
woman,50,axis Z,always,2,154.806,59.005,23.722,51,483,4,18,1,1,0,0,1,1,low_risk
man,150,BWS,sometimes,2,163.953,66.371,37.003,115,403,9,16,0,1,0,0,0,1,low_risk
man,150,DRG,always,2,178.632,66.034,47.19,119,588,3,11,1,1,0,0,0,1,low_risk
man,125,Cuxi,seldom,3,157.68,64.466,29.315,62,406,2,4,0,0,1,1,1,1,low_risk
man,125,axis Z,never,2,172.379,66.161,44.183,53,398,9,22,1,0,0,0,1,1,low_risk
woman,150,POG,always,3,150.683,56.641,31.883,82,11,10,9,0,1,0,0,1,1,low_risk
man,150,POG,sometimes,1,157.693,63.788,44.009,73,856,0,21,1,0,0,1,1,1,low_risk
man,50,JET,seldom,3,158.706,74.392,25.319,81,82,7,7,1,1,0,0,0,1,low_risk
woman,150,JET,usually,2,150.122,64.321,40.468,66,154,2,23,1,0,0,1,0,0,low_risk
man,150,GP,always,2,166.822,66.907,21.188,120,270,3,12,1,0,0,1,1,1,low_risk
woman,125,Fiddle,always,2,147.991,64.18,31.435,80,849,4,20,1,0,1,1,1,1,low_risk
man,125,duke,usually,2,179.904,61.753,28.123,121,594,6,19,1,0,0,0,1,1,low_risk
woman,125,Fiddle,usually,1,161.601,34.971,33.13,104,375,7,3,0,0,0,0,0,0,low_risk
woman,125,Swish,usually,3,156.939,54.59,25.267,130,819,9,18,1,0,0,0,0,1,low_risk
man,125,DRG,usually,2,173.162,47.688,35.661,77,749,7,1,1,1,0,0,0,1,low_risk
woman,125,Fiddle,sometimes,3,139.287,44.612,23.578,72,390,5,22,1,0,0,1,0,1,low_risk
woman,125,DRG,seldom,2,152.123,40.88,28.532,95,203,2,5,0,0,0,1,0,1,low_risk
woman,125,FORCE,seldom,3,148.357,30.998,43.617,87,68,7,17,1,0,1,0,0,1,low_risk
woman,100,Many,sometimes,2,155.996,44.51,22.163,72,636,4,23,1,0,0,0,0,0,low_risk
woman,150,JET,seldom,2,164.503,55.413,32.523,57,570,1,11,1,1,1,0,1,1,low_risk
man,125,cygnus,seldom,3,172.166,63.114,27.381,72,296,9,14,0,0,0,1,1,1,low_risk
man,125,Many,usually,2,167.552,75.015,59.896,49,980,1,15,1,0,0,0,0,1,medium_risk
woman,150,axis Z,sometimes,3,145.855,53.013,34.42,48,940,1,20,1,0,0,0,0,1,low_risk
man,100,Swish,usually,2,168.191,86.342,29.339,117,424,2,29,0,1,0,0,0,0,low_risk
woman,125,POG,sometimes,2,167.981,63.6,58.428,94,39,2,29,1,1,0,0,0,1,low_risk
woman,100,FORCE,sometimes,2,146.711,68.103,55.8,125,466,7,4,1,0,0,1,0,1,low_risk
woman,150,POG,seldom,2,141.414,53.304,33.06,87,234,0,21,1,0,0,0,0,0,low_risk
man,150,Fiddle,seldom,1,170.381,66.218,27.16,96,742,8,21,1,1,0,1,1,0,low_risk
woman,125,Many,never,2,155.663,52.921,36.898,128,944,10,4,1,0,0,0,0,0,low_risk
woman,125,Cuxi,always,2,158.918,60.424,36.182,88,97,0,9,1,0,0,0,0,1,low_risk
woman,125,FORCE,seldom,3,155.125,54.823,47.143,68,139,10,24,1,0,0,0,0,1,low_risk
woman,50,Cuxi,seldom,2,162.943,68.595,30.657,84,262,8,26,1,1,0,1,0,1,low_risk
woman,150,cygnus,sometimes,2,147.364,52.314,24.696,128,915,9,6,1,0,0,0,0,1,low_risk
man,100,GP,always,2,182.698,74.367,20.969,51,738,9,16,1,0,0,0,1,1,low_risk
man,125,DRG,seldom,3,177.054,77.054,24.865,61,554,2,1,1,0,0,0,0,1,low_risk
man,125,JET,seldom,2,180.425,63.294,19.753,128,604,4,16,1,0,0,1,0,0,low_risk
man,150,Limi,seldom,3,174.503,56.798,27.768,46,309,0,22,0,0,0,0,0,1,low_risk
woman,150,famous,usually,2,154.764,23.131,19.914,99,538,9,3,1,0,0,1,0,1,low_risk
man,125,Fiddle,usually,2,174.69,48.555,18.463,69,687,0,17,1,0,0,0,0,1,medium_risk
man,125,BWS,sometimes,3,163.778,67.392,20.288,98,555,0,21,1,0,0,0,0,1,low_risk
man,125,Many,always,2,169.894,74.285,35.263,115,594,0,1,0,1,0,1,1,1,low_risk
woman,125,Fiddle,seldom,2,149.303,51.204,31.63,94,779,8,24,1,0,0,0,1,1,low_risk
woman,150,axis Z,seldom,2,146.753,46.559,31.322,107,757,9,27,1,0,0,0,1,0,low_risk
man,125,famous,sometimes,2,165.734,71.769,34.737,67,992,5,9,1,0,0,0,1,0,low_risk
woman,125,axis Z,sometimes,1,159.045,57.943,32.761,77,291,10,11,0,1,1,0,0,1,low_risk
man,125,famous,usually,3,171.307,61.132,18.04,50,631,8,16,1,0,0,0,1,1,low_risk
man,125,duke,usually,2,173.611,61.994,30.131,91,294,9,11,1,1,0,0,0,1,low_risk
woman,100,Cuxi,seldom,2,145.55,53.42,31.363,84,116,9,27,1,1,0,0,1,0,low_risk
woman,125,BWS,always,3,156.708,34.715,22.311,72,830,0,2,1,0,0,0,1,1,low_risk
woman,50,GP,never,2,155.929,60.502,32.324,67,14,1,11,1,1,1,1,1,1,low_risk
man,150,cygnus,sometimes,2,182.07,68.613,53.268,55,207,7,21,1,0,0,0,0,1,low_risk
woman,125,famous,sometimes,2,153.326,63.86,54.525,45,567,1,20,1,0,0,1,1,1,low_risk
man,125,POG,seldom,2,171.966,61.054,20.076,113,562,1,11,1,0,0,0,1,1,low_risk
woman,125,Swish,seldom,3,145.165,49.935,36.384,45,848,4,7,1,0,0,0,1,1,low_risk
man,50,Many,seldom,1,176.134,56.795,36.101,61,609,8,9,1,0,1,0,1,1,low_risk
woman,125,Many,always,2,168.101,33.142,31.275,46,600,0,18,1,0,0,0,1,1,low_risk
man,125,famous,never,2,177.227,65.454,33.457,68,234,5,29,1,0,0,0,1,0,low_risk
man,125,Fiddle,seldom,1,171.046,69.616,28.66,98,772,10,16,1,1,0,0,1,1,high_risk
woman,125,Many,always,2,162.693,63.437,34.186,51,570,1,13,1,1,0,0,0,1,low_risk
man,125,BWS,never,2,178.431,73.677,38.756,65,282,6,5,1,1,0,0,1,1,low_risk
man,125,cygnus,seldom,2,178.116,49.934,32.659,125,113,10,1,0,0,0,1,0,1,low_risk
man,100,DRG,sometimes,1,175.945,76.401,23.313,69,626,5,12,1,0,0,0,1,1,low_risk
woman,100,Limi,never,2,159.363,41.717,20.072,86,967,9,20,1,0,0,0,0,1,low_risk
woman,125,Limi,seldom,2,174.573,49.137,31.598,45,201,8,6,0,0,0,0,1,1,low_risk
woman,125,DRG,sometimes,2,148.096,46.499,29.103,120,907,8,26,1,0,0,1,0,1,low_risk
woman,100,cygnus,never,2,166.04,57.535,34.622,82,598,10,29,1,0,0,0,0,1,low_risk
woman,100,axis Z,never,2,173.718,70.157,32.161,65,506,7,27,1,1,1,1,0,1,low_risk
woman,125,JET,never,2,156.881,63.266,42.05,70,568,10,28,1,1,0,1,1,1,low_risk
man,125,DRG,sometimes,2,153.083,83.293,36.428,115,846,0,8,1,1,0,0,0,1,medium_risk
woman,150,Swish,sometimes,2,172.289,47.159,29.0,86,557,2,11,1,0,1,0,0,1,low_risk
man,100,JET,always,1,165.301,81.561,26.509,57,156,4,4,0,0,0,1,1,1,low_risk
man,125,cygnus,usually,2,176.944,68.804,32.786,74,224,0,15,1,0,0,1,1,0,low_risk
